class_ar,booming,booming_confidence,shrinking,shrinking_confidence,top_5_companies,,,,,,,,
  أعمال التشييد المتعلقة بمشاريع الهندسة المدنية الأخرى,1,mid,0,,الإسكندرية لوجستيات ش.ذ.م.م (5.23%) | الأهرام تجارة ذ.م.م (4.72%) | الأهرام صلب ذ.م.م (4.17%) | النيل خدمات ش.م.م (3.95%) | مصر زراعة محدودة (3.91%),,,,,,,,
  أماكن المخيمات والمتنزهات الترفيهية التي تتيح مكاناً للسيارات والمتنزهات التي تتيح مكاناً للمقطورات,0,,0,,الجيزة منسوجات محدودة (8.72%) | القاهرة بلاستيك ش.م.م (8.62%) | حورس تقنية ذ.م.م (5.22%) | الدلتا كيماويات ذ.م.م (5.11%) | الإسكندرية بلاستيك ذ.م.م (4.53%),,,,booming,count,,,
  أنشطة ألعاب القمار والمراهنة,0,,1,high,النيل زراعة محدودة (34.10%) | القاهرة صلب ش.م.م (19.56%) | اللوتس خدمات ش.ذ.م.م (19.43%) | اللوتس كيماويات محدودة (7.27%) | الجيزة لوجستيات محدودة (6.81%),,,,1,110,,mid,82
  أنشطة البرمجة والإذاعة والتليفزيون,0,,0,,الأهرام خدمات ذ.م.م (13.68%) | النيل زراعة ش.ذ.م.م (10.81%) | مصر منسوجات ذ.م.م (10.12%) | الإسكندرية خدمات ش.ذ.م.م (9.76%) | النيل تقنية ذ.م.م (8.67%),,,,0,309,,high,17
  أنشطة البريد,0,,1,high,النيل كيماويات ذ.م.م (14.47%) | الجيزة صلب ش.ذ.م.م (11.76%) | القاهرة منسوجات ش.ذ.م.م (11.22%) | الإسكندرية أغذية محدودة (11.09%) | اللوتس لوجستيات ذ.م.م (7.98%),,,,total,419,,very high,11
  أنشطة التشييد المتخصصة الأخرى,0,,0,,اللوتس خدمات محدودة (5.56%) | الدلتا كيماويات ش.ذ.م.م (5.56%) | سيناء لوجستيات ذ.م.م (4.80%) | النيل لوجستيات ش.م.م (4.14%) | الإسكندرية بلاستيك محدودة (3.89%),,,,,,,,
  أنشطة التصميم المتخصصة,1,mid,0,,اللوتس زراعة ش.ذ.م.م (9.07%) | حورس أغذية ش.م.م (8.96%) | الجيزة زراعة محدودة (7.49%) | النيل كيماويات ذ.م.م (6.67%) | الجيزة تقنية ش.م.م (6.59%),,,,,,,,
  أنشطة التصوير,0,,0,,النيل زراعة ش.ذ.م.م (10.03%) | اللوتس تقنية محدودة (6.40%) | سيناء بلاستيك ذ.م.م (6.23%) | القاهرة أغذية ش.م.م (6.08%) | الجيزة خدمات ش.م.م (5.82%),,,,shrinking,count,,mid,166
  أنشطة الخبرة الاستشارية في مجال الإدارة,1,mid,0,,الجيزة خدمات ذ.م.م (12.34%) | الإسكندرية كيماويات ش.ذ.م.م (10.57%) | النيل زراعة ش.ذ.م.م (8.13%) | مصر كيماويات محدودة (7.60%) | مصر صلب ذ.م.م (6.47%),,,,1,227,,high,60
  أنشطة الدعم لاستخراج النفط والغاز الطبيعي,1,high,0,,الإسكندرية بلاستيك ذ.م.م (35.17%) | النيل أغذية محدودة (33.55%) | النيل خدمات ش.م.م (13.23%) | النيل تقنية ش.ذ.م.م (11.32%) | سيناء أغذية محدودة (4.21%),,,,0,192,,very high,1
  أنشطة الرعاية الأخرى مع الإقامة,0,,0,,سيناء زراعة ذ.م.م (15.10%) | مصر خدمات ش.ذ.م.م (7.99%) | حورس بلاستيك ش.م.م (7.86%) | الأهرام خدمات ذ.م.م (7.61%) | الدلتا لوجستيات ذ.م.م (5.96%),,,,,,,,
  أنشطة الشركات القابضة,0,,1,mid,الأهرام بلاستيك ش.ذ.م.م (32.66%) | الدلتا صلب محدودة (16.07%) | الدلتا تقنية ش.م.م (13.22%) | القاهرة أغذية محدودة (7.59%) | الأهرام تقنية محدودة (5.32%),,,,,,,,
  أنشطة الضمان الاجتماعي الإلزامي,0,,0,,الإسكندرية بلاستيك ذ.م.م (46.48%) | مصر تجارة ش.م.م (45.02%) | القاهرة خدمات ش.م.م (8.50%),,,,nor booming nor shrinking,,,,
  أنشطة العمل الاجتماعي الأخرى دون إقامة,1,mid,0,,الإسكندرية كيماويات ذ.م.م (7.42%) | القاهرة لوجستيات محدودة (7.35%) | سيناء بلاستيك ش.ذ.م.م (5.98%) | الأهرام أغذية ش.ذ.م.م (5.74%) | النيل كيماويات ذ.م.م (5.64%),,,,0,82,,,
"  أنشطة العمل الاجتماعي دون إقامة، لكبار السن وذوي الإعاقة",1,mid,0,,النيل صلب ذ.م.م (21.15%) | اللوتس منسوجات ش.م.م (7.84%) | الإسكندرية تقنية ش.ذ.م.م (7.39%) | الأهرام بلاستيك محدودة (6.69%) | الأهرام لوجستيات ش.م.م (5.55%),,,,,,,,
  أنشطة المستشفيات,1,high,0,,الجيزة بلاستيك محدودة (9.47%) | القاهرة منسوجات ش.م.م (7.64%) | الإسكندرية منسوجات ش.م.م (6.83%) | سيناء لوجستيات محدودة (6.30%) | اللوتس تقنية ش.ذ.م.م (5.61%),,,,,,,,
  أنشطة المطاعم وخدمات الأطعمة المتنقلة,1,mid,0,,الأهرام زراعة ش.م.م (7.29%) | الدلتا تقنية محدودة (5.27%) | الدلتا تقنية ش.ذ.م.م (5.12%) | النيل زراعة محدودة (4.86%) | النيل منسوجات ش.م.م (4.55%),,,,,,,,
  أنشطة المعالجة وخدمات إدارة النفايات الأخرى,0,,1,high,النيل زراعة ش.م.م (34.67%) | الجيزة خدمات ش.م.م (14.96%) | اللوتس أغذية ذ.م.م (11.99%) | النيل خدمات ش.ذ.م.م (9.10%) | الأهرام تقنية ذ.م.م (8.94%),,,,,,,,
  أنشطة المكاتب الرئيسية,0,,0,,الإسكندرية صلب ش.ذ.م.م (8.12%) | الجيزة تقنية ش.ذ.م.م (7.97%) | الجيزة خدمات ذ.م.م (7.42%) | حورس أغذية ش.ذ.م.م (6.81%) | الجيزة خدمات ش.م.م (6.36%),,,,,,,,
  أنشطة تقديم الرعاية مع الإقامة لكبار السن والأشخاص ذوي الإعاقة,1,mid,0,,حورس تقنية محدودة (7.83%) | الدلتا تجارة محدودة (7.72%) | الأهرام بلاستيك ذ.م.م (7.42%) | الدلتا منسوجات ش.م.م (7.13%) | حورس كيماويات محدودة (6.46%),,,,,,,,
  أنشطة تقديم المشروبات,0,,0,,القاهرة زراعة ش.ذ.م.م (11.19%) | سيناء بلاستيك ذ.م.م (7.98%) | الجيزة تقنية ذ.م.م (6.10%) | اللوتس خدمات ش.م.م (5.71%) | اللوتس زراعة ذ.م.م (5.27%),,,,,,,,
  أنشطة خدمات نُظم الأمن,0,,0,,مصر أغذية محدودة (21.25%) | مصر لوجستيات ش.ذ.م.م (20.69%) | النيل أغذية ذ.م.م (10.90%) | مصر زراعة محدودة (10.78%) | النيل تجارة ش.م.م (7.39%),,,,,,,,
  أنشطة دعم الأعمال الأخرى للتعدين واستغلال المحاجر,0,,1,high,سيناء خدمات ش.م.م (27.16%) | حورس تقنية ش.ذ.م.م (23.79%) | القاهرة لوجستيات ش.ذ.م.م (20.32%) | حورس خدمات ش.ذ.م.م (16.95%) | مصر أغذية ش.م.م (11.78%),,,,,,,,
  أنشطة دعم التعليم,0,,1,mid,النيل تجارة ذ.م.م (11.62%) | النيل خدمات ش.ذ.م.م (9.09%) | الجيزة كيماويات ش.ذ.م.م (8.74%) | النيل خدمات ش.م.م (7.43%) | الدلتا خدمات ذ.م.م (7.39%),,,,,,,,
  أنشطة نشر التسجيلات الصوتية والموسيقى,0,,0,,سيناء خدمات ذ.م.م (13.93%) | حورس تجارة ش.م.م (11.73%) | الجيزة أغذية ش.ذ.م.م (11.10%) | الإسكندرية بلاستيك ش.ذ.م.م (11.08%) | الإسكندرية خدمات ش.م.م (9.75%),,,,,,,,
  أنشطة نقابات العمال,0,,1,mid,اللوتس صلب ش.ذ.م.م (16.29%) | سيناء أغذية ش.ذ.م.م (10.68%) | الأهرام خدمات ش.م.م (7.92%) | مصر خدمات ش.م.م (5.87%) | سيناء صلب محدودة (5.44%),,,,,,,,
  أنشطة وكالات التشغيل المؤقت,0,,0,,الجيزة أغذية ش.ذ.م.م (12.58%) | القاهرة أغذية محدودة (12.22%) | النيل كيماويات ش.ذ.م.م (9.35%) | القاهرة تقنية ذ.م.م (7.88%) | سيناء لوجستيات محدودة (7.83%),,,,,,,,
  إعادة التأمين,0,,1,mid,اللوتس خدمات ش.ذ.م.م (21.03%) | الدلتا كيماويات ش.ذ.م.م (18.76%) | الدلتا منسوجات ش.ذ.م.م (11.05%) | الإسكندرية تجارة ذ.م.م (9.37%) | سيناء أغذية ذ.م.م (8.47%),,,,,,,,
  إكثار النباتات,0,,0,,سيناء بلاستيك محدودة (21.63%) | الإسكندرية تقنية ش.ذ.م.م (20.28%) | مصر كيماويات ش.ذ.م.م (11.96%) | الجيزة خدمات ش.م.م (11.24%) | الدلتا منسوجات محدودة (10.66%),,,,,,,,
  إكمال المباني وتشطيبها,1,high,0,,مصر لوجستيات ذ.م.م (7.99%) | سيناء خدمات ش.م.م (6.24%) | سيناء لوجستيات ش.ذ.م.م (4.33%) | الإسكندرية تقنية ذ.م.م (4.16%) | الأهرام كيماويات محدودة (3.94%),,,,,,,,
  استخراج الغاز الطبيعي,1,mid,0,,حورس زراعة ش.م.م (32.18%) | مصر أغذية ذ.م.م (25.94%) | الإسكندرية تقنية ش.م.م (25.76%) | الأهرام لوجستيات ذ.م.م (10.58%) | اللوتس صلب ذ.م.م (3.03%),,,,,,,,
  استغلال المحاجر لاستخراج الأحجار والرمال والطَفل,0,,1,high,الجيزة صلب محدودة (26.11%) | الإسكندرية كيماويات ش.ذ.م.م (24.30%) | الأهرام أغذية ذ.م.م (22.13%) | القاهرة خدمات ش.ذ.م.م (14.20%) | الجيزة منسوجات محدودة (8.15%),,,,,,,,
  استنساخ وسائط الإعلام المسجَّلة,0,,0,,النيل خدمات ش.م.م (23.88%) | سيناء تجارة ش.ذ.م.م (18.40%) | القاهرة صلب ش.م.م (15.43%) | النيل بلاستيك ذ.م.م (6.40%) | سيناء زراعة محدودة (6.36%),,,,,,,,
  الأنشطة الأخرى في مجال صحة الإنسان,1,mid,0,,النيل كيماويات ذ.م.م (6.68%) | النيل زراعة محدودة (5.57%) | مصر تقنية ش.ذ.م.م (5.41%) | القاهرة تجارة ش.م.م (5.05%) | الأهرام تقنية ذ.م.م (4.71%),,,,,,,,
  الأنشطة الإبداعية والفنون وأنشطة الترفيه,0,,1,high,النيل صلب محدودة (36.32%) | حورس لوجستيات ش.م.م (13.06%) | الإسكندرية زراعة ذ.م.م (12.57%) | الإسكندرية خدمات محدودة (10.03%) | اللوتس خدمات ش.م.م (8.82%),,,,,,,,
  الأنشطة البيطرية,1,high,0,,القاهرة خدمات ذ.م.م (9.02%) | القاهرة لوجستيات ش.ذ.م.م (8.64%) | النيل منسوجات ش.م.م (6.91%) | سيناء لوجستيات ذ.م.م (6.75%) | الدلتا كيماويات ذ.م.م (5.55%),,,,,,,,
  الأنشطة العقارية على أساس رسوم أو عقود,1,very high,0,,الأهرام تجارة ش.ذ.م.م (2.97%) | النيل صلب ش.ذ.م.م (2.59%) | القاهرة بلاستيك ش.ذ.م.م (2.27%) | مصر منسوجات ذ.م.م (2.23%) | مصر صلب محدودة (2.03%),,,,,,,,
  الأنشطة العقارية في الممتلكات المملوكة أو المؤجّرة,1,mid,0,,الأهرام صلب ش.م.م (4.32%) | حورس خدمات ش.م.م (3.89%) | اللوتس تقنية محدودة (3.60%) | النيل بلاستيك ش.م.م (3.59%) | النيل لوجستيات ش.ذ.م.م (2.46%),,,,,,,,
  الأنشطة المتعلقة بخدمة وصيانة تجميل المواقع,0,,1,mid,الجيزة لوجستيات محدودة (26.86%) | الجيزة خدمات محدودة (18.99%) | اللوتس كيماويات ش.ذ.م.م (13.87%) | الدلتا زراعة ذ.م.م (10.87%) | اللوتس لوجستيات ش.ذ.م.م (6.52%),,,,,,,,
  الأنشطة المعمارية والهندسية والخدمات الاستشارية الفنية المتصلة بها,1,very high,0,,الجيزة أغذية محدودة (14.23%) | مصر منسوجات ذ.م.م (9.31%) | النيل صلب ش.م.م (9.19%) | الدلتا منسوجات محدودة (7.94%) | الإسكندرية لوجستيات محدودة (7.57%),,,,,,,,
  الأنشطة المهنية والعلمية والتقنية الأخرى غير المصنّفة في موضع آخر,0,,0,,القاهرة لوجستيات محدودة (11.24%) | مصر كيماويات ش.م.م (9.48%) | حورس لوجستيات محدودة (8.26%) | الإسكندرية خدمات ذ.م.م (8.03%) | حورس تقنية ش.ذ.م.م (6.86%),,,,,,,,
  الإذاعة الصوتية,0,,0,,الجيزة خدمات محدودة (20.81%) | الإسكندرية لوجستيات ذ.م.م (18.24%) | القاهرة لوجستيات ذ.م.م (10.93%) | القاهرة لوجستيات ش.ذ.م.م (10.75%) | الأهرام زراعة ش.ذ.م.م (10.59%),,,,,,,,
  الإعلان,0,,0,,الأهرام تقنية ش.م.م (9.15%) | النيل لوجستيات ش.م.م (7.13%) | الجيزة زراعة ش.ذ.م.م (6.45%) | الجيزة خدمات ش.ذ.م.م (6.43%) | الأهرام منسوجات ذ.م.م (6.12%),,,,,,,,
  الاتحادات الاحتكارية وصناديق الأموال والكيانات المالية المشابهة,1,mid,0,,مصر أغذية ش.م.م (17.30%) | اللوتس منسوجات ذ.م.م (15.78%) | الإسكندرية كيماويات محدودة (8.02%) | الدلتا منسوجات ش.م.م (7.88%) | حورس تجارة ذ.م.م (7.52%),,,,,,,,
  الاختبارات والتحاليل التقنية,1,mid,0,,الجيزة زراعة ش.م.م (8.46%) | اللوتس كيماويات ش.م.م (8.28%) | الدلتا منسوجات ش.م.م (7.35%) | مصر زراعة ش.ذ.م.م (7.04%) | اللوتس أغذية محدودة (5.87%),,,,,,,,
  البحث والتطوير التجريبي في مجال العلوم الاجتماعية والإنسانية,0,,0,,الدلتا لوجستيات محدودة (7.69%) | سيناء صلب ذ.م.م (7.64%) | الجيزة بلاستيك ذ.م.م (7.42%) | الإسكندرية منسوجات ش.م.م (7.21%) | مصر منسوجات ذ.م.م (6.92%),,,,,,,,
  البحث والتطوير التجريبي في مجالي العلوم الطبيعية والهندسة,1,mid,0,,حورس تقنية ش.ذ.م.م (8.96%) | الدلتا أغذية ش.ذ.م.م (7.55%) | حورس صلب ش.ذ.م.م (7.23%) | القاهرة تجارة ش.م.م (6.55%) | القاهرة أغذية ذ.م.م (6.23%),,,,,,,,
  البيع بالجملة نظير رسم أو على أساس عقد,1,mid,0,,الإسكندرية صلب محدودة (6.82%) | الأهرام كيماويات ش.م.م (6.14%) | النيل لوجستيات ش.ذ.م.م (5.49%) | حورس صلب ذ.م.م (5.23%) | الإسكندرية منسوجات ش.م.م (5.05%),,,,,,,,
  التعليم العالي,0,,1,high,اللوتس تقنية ذ.م.م (12.51%) | مصر تقنية ش.ذ.م.م (11.92%) | الدلتا تجارة ش.ذ.م.م (10.28%) | الأهرام خدمات ذ.م.م (9.81%) | النيل صلب ش.ذ.م.م (8.53%),,,,,,,,
  التعليم قبل الابتدائي والتعليم الابتدائي,0,,1,high,الجيزة تجارة محدودة (16.45%) | حورس زراعة ش.م.م (12.80%) | الدلتا زراعة ذ.م.م (12.29%) | الإسكندرية كيماويات ذ.م.م (7.71%) | الإسكندرية تقنية ش.م.م (7.26%),,,,,,,,
  الزراعة المختلطة,1,mid,0,,سيناء منسوجات محدودة (19.17%) | الجيزة تجارة ش.ذ.م.م (15.29%) | الأهرام بلاستيك ش.ذ.م.م (14.05%) | الجيزة كيماويات ش.م.م (11.89%) | مصر أغذية ذ.م.م (5.03%),,,,,,,,
  الصرف الصحي,0,,0,,الجيزة منسوجات ش.ذ.م.م (20.87%) | النيل تجارة ش.م.م (19.57%) | القاهرة صلب محدودة (11.64%) | النيل بلاستيك ش.م.م (11.36%) | النيل أغذية ذ.م.م (11.32%),,,,,,,,
  النقل الجوي للبضائع,0,,1,mid,الدلتا تقنية محدودة (11.36%) | الإسكندرية صلب محدودة (9.97%) | مصر كيماويات ش.م.م (9.44%) | اللوتس تقنية ش.ذ.م.م (9.18%) | الجيزة أغذية ش.م.م (7.70%),,,,,,,,
  النقل الجوي للركاب,0,,1,high,القاهرة لوجستيات ش.ذ.م.م (11.30%) | الأهرام أغذية ش.ذ.م.م (8.31%) | اللوتس تجارة ش.م.م (7.75%) | الدلتا منسوجات محدودة (7.75%) | اللوتس كيماويات ذ.م.م (7.17%),,,,,,,,
  بيع الأغذية والمشروبات والتبغ بالجملة,0,,0,,النيل كيماويات ش.م.م (5.92%) | مصر تجارة ش.م.م (5.91%) | الدلتا منسوجات محدودة (5.59%) | حورس لوجستيات ذ.م.م (5.24%) | الجيزة صلب ش.ذ.م.م (4.90%),,,,,,,,
  بيع المركبات ذات المحركات,0,,0,,سيناء تجارة محدودة (4.72%) | القاهرة تجارة ش.ذ.م.م (4.63%) | النيل صلب ش.م.م (4.41%) | الجيزة صلب ذ.م.م (4.38%) | مصر لوجستيات ش.ذ.م.م (4.35%),,,,,,,,
  بيع وصيانة وإصلاح الدراجات النارية وقطع غيارها وملحقاتها,1,mid,0,,النيل صلب محدودة (6.63%) | سيناء صلب ذ.م.م (4.67%) | الجيزة زراعة محدودة (4.63%) | سيناء لوجستيات ش.ذ.م.م (4.38%) | الدلتا أغذية محدودة (4.24%),,,,,,,,
  بيع وقود السيارات بالتجزئة في المتاجر المتخصصة,1,mid,1,mid,الأهرام زراعة ش.ذ.م.م (7.66%) | الدلتا تقنية محدودة (6.37%) | سيناء أغذية ش.م.م (4.45%) | حورس صلب ذ.م.م (3.88%) | سيناء تقنية ش.ذ.م.م (3.86%),,,,,,,,
  تأجير المركبات ذات المحرّكات,1,mid,1,mid,الإسكندرية صلب ذ.م.م (22.87%) | النيل صلب ش.ذ.م.م (14.58%) | الإسكندرية زراعة ذ.م.م (13.05%) | القاهرة تجارة محدودة (10.45%) | الدلتا تجارة ش.م.م (8.86%),,,,,,,,
"  تأجير منتجات الملكية الفكرية وما شابهها، فيما عدا الأعمال المحمية بحقوق النشر",0,,1,mid,الإسكندرية زراعة ذ.م.م (16.04%) | الجيزة صلب ش.ذ.م.م (15.82%) | الدلتا صلب ش.ذ.م.م (13.21%) | حورس أغذية ش.م.م (7.35%) | النيل خدمات ش.م.م (5.30%),,,,,,,,
  تجارة الجملة غير المتخصصة,1,very high,0,,الجيزة صلب محدودة (8.09%) | مصر خدمات ش.م.م (7.75%) | سيناء زراعة محدودة (6.85%) | اللوتس بلاستيك ش.ذ.م.م (5.43%) | النيل تجارة ش.م.م (5.08%),,,,,,,,
  تجارة المواد الخام الزراعية والحيوانات الحية بالجملة,0,,1,high,الأهرام منسوجات ش.ذ.م.م (4.97%) | النيل كيماويات ش.م.م (4.81%) | حورس لوجستيات ش.ذ.م.م (4.68%) | اللوتس كيماويات محدودة (4.35%) | الجيزة أغذية ذ.م.م (4.25%),,,,,,,,
  تجميع المياه ومعالجتها وتوصيلها,0,,0,,سيناء منسوجات ش.م.م (30.50%) | سيناء بلاستيك ش.م.م (27.79%) | الأهرام كيماويات محدودة (18.29%) | اللوتس خدمات ذ.م.م (12.60%) | الدلتا تجارة ش.م.م (8.09%),,,,,,,,
  تجهيز وحفظ السمك والقشريات والرخويات,1,mid,0,,الدلتا زراعة ش.ذ.م.م (20.34%) | اللوتس تجارة ش.ذ.م.م (14.74%) | سيناء صلب ش.م.م (11.98%) | مصر لوجستيات محدودة (9.71%) | حورس زراعة ش.ذ.م.م (8.58%),,,,,,,,
  تجهيز وحفظ الفاكهة والخضر,0,,1,high,النيل زراعة ش.ذ.م.م (20.83%) | حورس تجارة محدودة (17.50%) | مصر بلاستيك ش.ذ.م.م (15.67%) | سيناء زراعة ش.ذ.م.م (14.81%) | الإسكندرية تجارة محدودة (13.22%),,,,,,,,
  تركيب الآلات والمعدات الصناعية,0,,1,mid,حورس تقنية ش.ذ.م.م (33.38%) | القاهرة أغذية محدودة (22.33%) | الإسكندرية خدمات ذ.م.م (20.37%) | الجيزة بلاستيك ذ.م.م (12.26%) | مصر منسوجات محدودة (11.66%),,,,,,,,
  تشييد الطرق والسكك الحديد,1,very high,0,,الإسكندرية صلب ش.م.م (6.48%) | الدلتا كيماويات ش.م.م (5.79%) | مصر لوجستيات ذ.م.م (5.38%) | حورس أغذية ذ.م.م (3.76%) | الإسكندرية كيماويات محدودة (3.68%),,,,,,,,
  تشييد المباني,1,very high,0,,النيل خدمات ش.م.م (4.25%) | النيل بلاستيك ش.م.م (4.13%) | الجيزة تجارة ش.ذ.م.م (3.65%) | القاهرة منسوجات محدودة (3.57%) | القاهرة زراعة ش.ذ.م.م (3.49%),,,,,,,,
  تشييد مشاريع الخاصة بالمنافع,1,high,0,,مصر تقنية ش.م.م (6.16%) | اللوتس لوجستيات ذ.م.م (4.21%) | القاهرة منسوجات ش.م.م (4.16%) | الدلتا كيماويات ش.ذ.م.م (4.01%) | الجيزة لوجستيات محدودة (3.54%),,,,,,,,
  تعدين الفحم القاسي (الأنفراثيت),0,,1,mid,الجيزة لوجستيات محدودة (40.71%) | مصر منسوجات ذ.م.م (25.77%) | الجيزة تجارة ش.م.م (11.45%) | القاهرة بلاستيك محدودة (10.01%) | اللوتس زراعة ش.م.م (9.24%),,,,,,,,
  تعدين الليغنيت,0,,1,mid,حورس أغذية ش.ذ.م.م (28.28%) | سيناء صلب محدودة (16.71%) | مصر زراعة ش.م.م (13.07%) | اللوتس صلب ش.ذ.م.م (12.25%) | النيل تقنية ش.ذ.م.م (11.17%),,,,,,,,
  تعدين ركازات الحديد,0,,1,mid,حورس زراعة ش.ذ.م.م (59.09%) | مصر تجارة ذ.م.م (8.82%) | مصر تجارة ذ.م.م (8.45%) | الأهرام صلب ش.ذ.م.م (6.96%) | النيل تقنية ش.م.م (6.14%),,,,,,,,
  تمويل المعاشات التقاعدية,0,,0,,سيناء صلب ش.م.م (21.59%) | الأهرام منسوجات ش.ذ.م.م (19.47%) | الأهرام منسوجات محدودة (17.95%) | الجيزة خدمات ش.ذ.م.م (15.91%) | سيناء منسوجات ش.م.م (6.35%),,,,,,,,
  تنظيم المؤتمرات والمعارض التجارية,0,,1,mid,سيناء كيماويات ذ.م.م (21.02%) | الجيزة منسوجات ش.م.م (14.24%) | اللوتس خدمات محدودة (13.17%) | سيناء لوجستيات ذ.م.م (10.65%) | القاهرة صلب ذ.م.م (7.17%),,,,,,,,
  جمع منتجات الأحراج غير الخشبية,0,,0,,الإسكندرية تجارة ذ.م.م (13.25%) | مصر تجارة ش.م.م (9.62%) | سيناء أغذية ذ.م.م (8.26%) | حورس أغذية محدودة (8.11%) | اللوتس أغذية ذ.م.م (7.40%),,,,,,,,
  خدمات الحجز الأخرى والأنشطة المتصلة بها,0,,1,mid,النيل لوجستيات ش.ذ.م.م (14.60%) | النيل زراعة ش.ذ.م.م (14.04%) | القاهرة كيماويات ش.م.م (11.60%) | الجيزة تقنية ذ.م.م (10.98%) | اللوتس تقنية محدودة (10.54%),,,,,,,,
  زراعة الأحراج وأنشطة الحراجة الأخرى,0,,0,,اللوتس أغذية ذ.م.م (18.72%) | الأهرام أغذية ش.م.م (15.75%) | النيل تجارة محدودة (14.42%) | القاهرة خدمات ذ.م.م (11.94%) | القاهرة منسوجات ش.ذ.م.م (7.26%),,,,,,,,
  صيانة وإصلاح المركبات ذات المحركات,0,,1,mid,حورس منسوجات ش.م.م (5.10%) | اللوتس كيماويات ش.م.م (4.43%) | اللوتس لوجستيات ش.م.م (3.90%) | مصر كيماويات محدودة (3.87%) | القاهرة تقنية ش.م.م (3.80%),,,,,,,,
  صُناعة هياكل (أعمال تجهيز العربات) للمركبات ذات المحرّكات؛ صُنع المركبات المقطورة والمركبات نصف المقطورة,0,,1,mid,الجيزة تجارة ش.م.م (31.63%) | حورس لوجستيات ذ.م.م (20.79%) | الأهرام لوجستيات ذ.م.م (9.25%) | الجيزة زراعة ش.م.م (9.09%) | مصر بلاستيك ش.ذ.م.م (7.73%),,,,,,,,
  صُنع أدوات الرياضة,0,,1,mid,حورس منسوجات ش.ذ.م.م (23.09%) | حورس تقنية محدودة (20.67%) | الجيزة بلاستيك محدودة (11.54%) | سيناء تقنية ش.ذ.م.م (6.44%) | الدلتا منسوجات ذ.م.م (5.42%),,,,,,,,
  صُنع أصناف الفراء,0,,0,,الأهرام تقنية محدودة (35.87%) | سيناء تجارة ذ.م.م (16.41%) | النيل صلب ذ.م.م (14.96%) | الإسكندرية صلب ش.م.م (10.05%) | الإسكندرية بلاستيك ش.م.م (7.38%),,,,,,,,
  صُنع الآلات الموسيقية,0,,0,,الأهرام لوجستيات ذ.م.م (41.41%) | الجيزة كيماويات ش.ذ.م.م (25.32%) | سيناء زراعة محدودة (20.85%) | الجيزة صلب ش.ذ.م.م (6.43%) | الأهرام لوجستيات ش.ذ.م.م (4.57%),,,,,,,,
  صُنع الأثاث,1,mid,0,,اللوتس خدمات ذ.م.م (29.73%) | الأهرام لوجستيات ذ.م.م (19.34%) | سيناء أغذية ش.م.م (14.97%) | اللوتس خدمات ذ.م.م (14.30%) | مصر لوجستيات محدودة (4.45%),,,,,,,,
  صُنع الأحذية,0,,1,mid,الدلتا تجارة ذ.م.م (54.24%) | الجيزة منسوجات ش.ذ.م.م (21.25%) | الإسكندرية تقنية ذ.م.م (8.92%) | الإسكندرية خدمات ش.م.م (8.12%) | مصر زراعة ذ.م.م (4.23%),,,,,,,,
  صُنع الأدوات البصرية ومعدات التصوير الفوتوغرافي,1,mid,1,mid,القاهرة تقنية ش.م.م (34.38%) | الإسكندرية خدمات ذ.م.م (18.64%) | النيل منسوجات محدودة (7.12%) | الدلتا صلب ذ.م.م (6.48%) | سيناء أغذية محدودة (5.94%),,,,,,,,
  صُنع الأعلاف الحيوانية المحضَّرة,1,mid,1,mid,الأهرام أغذية ش.م.م (52.17%) | اللوتس لوجستيات ذ.م.م (22.43%) | اللوتس تجارة ذ.م.م (16.39%) | الإسكندرية كيماويات ش.م.م (3.67%) | الأهرام صلب محدودة (3.08%),,,,,,,,
  صُنع الألعاب واللعب,0,,1,mid,الدلتا تجارة ذ.م.م (40.95%) | القاهرة تقنية ش.ذ.م.م (17.86%) | الإسكندرية بلاستيك محدودة (13.08%) | الإسكندرية تقنية ش.م.م (7.61%) | الإسكندرية كيماويات ش.م.م (5.27%),,,,,,,,
  صُنع الحديد القاعدي والصلب,0,,0,,سيناء لوجستيات محدودة (28.71%) | اللوتس زراعة ش.م.م (15.71%) | الأهرام خدمات ش.م.م (14.08%) | الأهرام تقنية ش.ذ.م.م (13.12%) | اللوتس تقنية محدودة (11.02%),,,,,,,,
  صُنع الحواسيب والمعدات الملحقة,0,,1,high,حورس تقنية ش.ذ.م.م (18.36%) | النيل خدمات ش.م.م (16.87%) | حورس تقنية محدودة (12.21%) | سيناء بلاستيك ش.ذ.م.م (10.89%) | القاهرة تقنية محدودة (10.35%),,,,,,,,
  صُنع الزجاج والمنتجات الزجاجية,0,,0,,حورس تجارة ش.م.م (41.32%) | حورس تقنية ش.م.م (10.83%) | القاهرة تجارة محدودة (8.15%) | الجيزة تجارة محدودة (7.78%) | النيل تقنية ش.ذ.م.م (7.19%),,,,,,,,
  صُنع الزيوت والدهون النباتية والحيوانية,0,,0,,النيل بلاستيك ش.م.م (29.82%) | الأهرام كيماويات محدودة (23.98%) | سيناء زراعة ش.م.م (20.10%) | مصر كيماويات ش.ذ.م.م (10.02%) | الأهرام صلب ش.م.م (5.45%),,,,,,,,
  صُنع الفلزّات الثمينة وغير الحديدية القاعدية,1,mid,1,mid,القاهرة زراعة محدودة (31.75%) | القاهرة خدمات محدودة (14.26%) | الدلتا زراعة ذ.م.م (11.99%) | الأهرام تقنية ش.م.م (9.09%) | النيل بلاستيك ش.م.م (7.40%),,,,,,,,
  صُنع المحركات والمولِّدات والمحولات الكهربائية وأجهزة توزيع الكهرباء والتحكُّم فيها,0,,1,high,حورس أغذية ش.ذ.م.م (75.57%) | الجيزة كيماويات ش.م.م (15.32%) | سيناء أغذية محدودة (9.11%),,,,,,,,
  صُنع المركبات الجوية والفضائية والآلات المتصلة بها,0,,1,mid,النيل أغذية ش.ذ.م.م (32.10%) | اللوتس زراعة ش.ذ.م.م (18.60%) | مصر خدمات ش.م.م (15.28%) | الأهرام تقنية محدودة (13.66%) | الجيزة زراعة ش.م.م (8.08%),,,,,,,,
  صُنع المركبات ذات المحركات,1,mid,0,,الجيزة تقنية محدودة (26.03%) | حورس أغذية ذ.م.م (19.81%) | القاهرة تجارة محدودة (15.16%) | الإسكندرية تقنية ذ.م.م (10.63%) | سيناء خدمات محدودة (9.90%),,,,,,,,
  صُنع المعدات الكهربائية الأخرى,0,,1,mid,الجيزة أغذية ذ.م.م (25.35%) | الإسكندرية تقنية ذ.م.م (23.75%) | الأهرام زراعة ش.م.م (21.84%) | الدلتا أغذية ذ.م.م (12.99%) | مصر صلب محدودة (5.47%),,,,,,,,
  صُنع المكونات واللوحات الإلكترونية,0,,1,mid,مصر منسوجات ذ.م.م (15.56%) | اللوتس أغذية ذ.م.م (14.52%) | حورس لوجستيات محدودة (13.71%) | الدلتا صلب ش.ذ.م.م (12.42%) | سيناء أغذية محدودة (11.08%),,,,,,,,
  صُنع الملبوسات باستثناء الملبوسات الفرائية,0,,1,mid,الجيزة زراعة محدودة (29.53%) | الإسكندرية تجارة ش.ذ.م.م (24.16%) | اللوتس خدمات محدودة (12.81%) | اللوتس تجارة محدودة (8.03%) | حورس أغذية ش.ذ.م.م (5.92%),,,,,,,,
  صُنع الملبوسات من التريكو والكروشيه,0,,1,mid,سيناء تجارة ش.ذ.م.م (26.87%) | الدلتا كيماويات ش.ذ.م.م (16.36%) | الإسكندرية بلاستيك ش.ذ.م.م (13.17%) | الدلتا منسوجات محدودة (10.41%) | الجيزة بلاستيك ش.ذ.م.م (7.70%),,,,,,,,
  صُنع المنتجات النفطية المكررة,0,,0,,اللوتس أغذية ش.ذ.م.م (23.58%) | مصر تقنية ش.م.م (22.49%) | الدلتا أغذية ش.ذ.م.م (18.81%) | الأهرام بلاستيك ذ.م.م (13.60%) | حورس لوجستيات ش.ذ.م.م (9.07%),,,,,,,,
  صُنع المواد الصيدلانية والمنتجات الدوائية الكيميائية والنباتية,0,,1,mid,الإسكندرية منسوجات محدودة (36.39%) | النيل صلب محدودة (29.73%) | الدلتا خدمات ش.م.م (17.05%) | النيل صلب ذ.م.م (11.74%) | الأهرام تجارة ش.م.م (2.46%),,,,,,,,
  صُنع الوسائط المغناطيسية والبصرية,0,,1,high,الأهرام تجارة ذ.م.م (19.52%) | مصر بلاستيك محدودة (11.85%) | سيناء بلاستيك ش.م.م (11.42%) | الأهرام أغذية ش.م.م (11.21%) | سيناء منسوجات ذ.م.م (10.31%),,,,,,,,
"  صُنع غاز الاستصباح، وتوزيع أنواع الوقود الغازية عن طريق أنابيب رئيسية",0,,0,,اللوتس خدمات محدودة (19.74%) | القاهرة لوجستيات محدودة (15.98%) | الإسكندرية لوجستيات ش.ذ.م.م (8.28%) | النيل بلاستيك ش.ذ.م.م (6.35%) | الجيزة تجارة ش.ذ.م.م (6.24%),,,,,,,,
  صُنع قاطرات (جرّارات) وعربات السكك الحديدية,0,,1,mid,اللوتس زراعة ش.ذ.م.م (32.08%) | الأهرام تقنية ش.م.م (23.64%) | سيناء تجارة ذ.م.م (20.70%) | الجيزة زراعة ذ.م.م (15.92%) | الجيزة كيماويات محدودة (3.90%),,,,,,,,
  صُنع مركبات القتال العسكرية,0,,1,mid,النيل منسوجات ش.م.م (30.87%) | حورس لوجستيات محدودة (23.97%) | الجيزة منسوجات ش.م.م (22.76%) | النيل لوجستيات ش.م.م (8.65%) | الجيزة منسوجات محدودة (8.44%),,,,,,,,
  صُنع معدات الإضاءة الكهربائية,1,mid,0,,الإسكندرية صلب محدودة (19.97%) | الأهرام أغذية ش.ذ.م.م (17.16%) | الأهرام تجارة ذ.م.م (15.42%) | حورس زراعة ذ.م.م (10.21%) | الجيزة صلب محدودة (7.89%),,,,,,,,
  صُنع معدات الاتصالات,1,mid,0,,النيل تجارة محدودة (17.12%) | مصر خدمات ش.ذ.م.م (15.42%) | الإسكندرية تقنية ش.ذ.م.م (13.90%) | الإسكندرية لوجستيات ش.م.م (13.82%) | مصر زراعة ش.ذ.م.م (11.97%),,,,,,,,
  صُنع معدات التشعيع والمعدات الكهربائية الطبية والعلاجية,0,,1,mid,الإسكندرية أغذية ش.ذ.م.م (37.74%) | النيل كيماويات ش.ذ.م.م (27.81%) | اللوتس منسوجات ذ.م.م (19.82%) | النيل منسوجات ش.ذ.م.م (10.00%) | مصر صلب محدودة (4.64%),,,,,,,,
  صُنع منتجات أفران الكوك,0,,0,,الأهرام منسوجات ش.ذ.م.م (35.54%) | القاهرة بلاستيك محدودة (27.04%) | القاهرة خدمات ذ.م.م (13.03%) | النيل لوجستيات ش.م.م (11.00%) | القاهرة تجارة محدودة (7.32%),,,,,,,,
  صُنع منتجات التبغ,0,,1,high,حورس زراعة محدودة (27.76%) | النيل منسوجات ش.م.م (24.58%) | حورس تقنية ش.م.م (21.54%) | الدلتا لوجستيات ذ.م.م (11.97%) | حورس أغذية محدودة (10.95%),,,,,,,,
  قطع الأخشاب,0,,1,mid,النيل كيماويات ش.ذ.م.م (27.24%) | مصر تقنية محدودة (14.32%) | سيناء صلب محدودة (13.34%) | الإسكندرية منسوجات ش.ذ.م.م (12.22%) | الدلتا تقنية ش.ذ.م.م (7.76%),,,,,,,,
  مرافق الإقامة الأخرى,1,mid,0,,الإسكندرية زراعة ذ.م.م (10.21%) | الدلتا زراعة ذ.م.م (5.87%) | القاهرة كيماويات ذ.م.م (5.87%) | النيل أغذية ذ.م.م (5.27%) | الإسكندرية تقنية ذ.م.م (5.14%),,,,,,,,
  نشر البرمجيات,1,mid,0,,حورس بلاستيك ش.ذ.م.م (12.31%) | مصر تقنية ش.ذ.م.م (10.43%) | الإسكندرية أغذية محدودة (8.94%) | الجيزة لوجستيات ش.ذ.م.م (8.00%) | الأهرام منسوجات ش.م.م (7.96%),,,,,,,,
  نشر الخشب وسحجه,0,,0,,حورس كيماويات ذ.م.م (37.22%) | الأهرام خدمات ش.م.م (21.05%) | الجيزة زراعة ش.م.م (16.18%) | مصر منسوجات محدودة (13.32%) | النيل لوجستيات ش.م.م (6.94%),,,,,,,,
 أبحاث السوق واستطلاعات الرأي,0,,1,mid,النيل منسوجات محدودة (15.76%) | سيناء منسوجات ذ.م.م (13.46%) | مصر بلاستيك ش.ذ.م.م (7.39%) | النيل تقنية ش.م.م (5.76%) | النيل صلب ذ.م.م (5.26%),,,,,,,,
 أشكال منح القروض الأخرى,0,,0,,القاهرة خدمات ش.م.م (28.38%) | الدلتا منسوجات ذ.م.م (25.23%) | مصر بلاستيك ش.ذ.م.م (17.01%) | سيناء خدمات ش.ذ.م.م (12.88%) | سيناء لوجستيات ذ.م.م (9.22%),,,,,,,,
 أعمال السباكة والتدفئة وتكييف الهواء,1,mid,0,,حورس أغذية ذ.م.م (6.23%) | سيناء صلب ذ.م.م (4.04%) | الإسكندرية صلب ش.م.م (3.70%) | حورس لوجستيات ذ.م.م (3.48%) | النيل بلاستيك محدودة (3.16%),,,,,,,,
 أنشطة أخرى مساعدة للتأمين وتمويل المعاشات التقاعدية,0,,1,mid,اللوتس بلاستيك ش.م.م (16.77%) | القاهرة خدمات ذ.م.م (11.22%) | القاهرة تقنية محدودة (10.01%) | حورس تجارة محدودة (8.49%) | النيل زراعة ذ.م.م (8.38%),,,,,,,,
 أنشطة إدارة الأموال,0,,1,high,مصر بلاستيك ش.م.م (18.29%) | مصر تجارة ش.م.م (15.15%) | اللوتس خدمات محدودة (12.54%) | اللوتس تجارة ذ.م.م (11.10%) | الإسكندرية تقنية محدودة (9.51%),,,,,,,,
 أنشطة إنتاج الأفلام والفيديو والبرامج التليفزيونية,0,,0,,النيل تقنية ش.م.م (13.71%) | النيل تجارة ذ.م.م (13.43%) | الدلتا زراعة ش.م.م (11.44%) | الأهرام منسوجات ش.ذ.م.م (8.81%) | الجيزة صلب ش.م.م (8.77%),,,,,,,,
 أنشطة الأمن الخاصة,0,,1,high,سيناء منسوجات ذ.م.م (20.02%) | الإسكندرية تقنية ذ.م.م (17.96%) | الإسكندرية صلب محدودة (15.28%) | سيناء لوجستيات ذ.م.م (14.34%) | حورس صلب محدودة (10.47%),,,,,,,,
 أنشطة الأُسَر المعيشية التي تستخدم أفراداً للعمل المنزلي,1,mid,1,mid,الدلتا منسوجات ش.ذ.م.م (39.20%) | حورس زراعة ش.م.م (19.90%) | مصر بلاستيك محدودة (13.48%) | الدلتا أغذية ش.م.م (13.21%) | حورس منسوجات محدودة (9.68%),,,,,,,,
 أنشطة الإقامة القصيرة المدى,0,,0,,اللوتس بلاستيك ذ.م.م (7.76%) | الإسكندرية تقنية ش.ذ.م.م (5.89%) | اللوتس تجارة ش.م.م (4.20%) | الدلتا منسوجات ش.ذ.م.م (4.14%) | حورس صلب محدودة (3.87%),,,,,,,,
 أنشطة الاتصالات الأخرى,0,,0,,القاهرة أغذية ش.م.م (14.70%) | سيناء صلب ذ.م.م (14.04%) | سيناء منسوجات ش.ذ.م.م (12.81%) | سيناء أغذية ش.م.م (11.90%) | القاهرة أغذية ذ.م.م (10.13%),,,,,,,,
 أنشطة الاتصالات الساتلية,1,mid,0,,الجيزة زراعة ش.م.م (14.58%) | النيل لوجستيات ش.ذ.م.م (13.71%) | اللوتس أغذية ذ.م.م (8.93%) | الأهرام زراعة محدودة (8.91%) | حورس تجارة محدودة (8.22%),,,,,,,,
 أنشطة الاتصالات السلكية,1,mid,0,,الجيزة صلب ش.ذ.م.م (21.82%) | مصر منسوجات ش.م.م (10.57%) | النيل صلب ش.ذ.م.م (9.79%) | الجيزة تقنية ش.ذ.م.م (9.53%) | الدلتا صلب ش.م.م (7.27%),,,,,,,,
 أنشطة الاتصالات اللاسلكية,1,mid,0,,مصر منسوجات محدودة (17.68%) | سيناء بلاستيك محدودة (12.35%) | القاهرة لوجستيات محدودة (10.05%) | سيناء صلب ذ.م.م (7.07%) | سيناء كيماويات محدودة (6.18%),,,,,,,,
 أنشطة البرمجة الحاسوبية,0,,0,,الجيزة كيماويات ش.م.م (10.99%) | مصر زراعة محدودة (10.46%) | الأهرام خدمات ش.م.م (10.35%) | سيناء لوجستيات ش.ذ.م.م (10.32%) | اللوتس تقنية ش.م.م (10.17%),,,,,,,,
 أنشطة التحقيقات,1,mid,1,mid,الأهرام زراعة ش.ذ.م.م (27.05%) | الدلتا زراعة محدودة (24.77%) | مصر تجارة ش.م.م (20.95%) | سيناء تقنية محدودة (7.11%) | الأهرام كيماويات محدودة (6.47%),,,,,,,,
 أنشطة التسلية والترفيه الأخرى غير المصنّفة في موضع آخر,1,high,0,,سيناء تقنية ش.م.م (58.41%) | الإسكندرية منسوجات محدودة (23.02%) | الأهرام لوجستيات ش.ذ.م.م (10.03%) | سيناء أغذية محدودة (4.43%) | سيناء خدمات ش.ذ.م.م (4.13%),,,,,,,,
 أنشطة التعدين واستغلال المحاجر غير المصنَّفة في موضع آخر,0,,1,high,مصر كيماويات محدودة (33.91%) | الدلتا خدمات ذ.م.م (26.35%) | الإسكندرية لوجستيات ذ.م.م (12.44%) | سيناء صلب محدودة (9.98%) | النيل منسوجات ذ.م.م (8.86%),,,,,,,,
 أنشطة التغليف والتعبئة,0,,1,mid,القاهرة أغذية ذ.م.م (26.20%) | الإسكندرية خدمات ش.ذ.م.م (16.30%) | الإسكندرية صلب ش.م.م (14.32%) | الإسكندرية صلب ش.ذ.م.م (11.77%) | سيناء كيماويات ش.ذ.م.م (6.85%),,,,,,,,
 أنشطة الجنازات وما يتصل بها من أنشطة,1,mid,0,,الإسكندرية تقنية ش.م.م (21.30%) | الإسكندرية أغذية ذ.م.م (14.79%) | النيل بلاستيك ش.ذ.م.م (10.03%) | مصر تجارة محدودة (8.36%) | مصر لوجستيات ذ.م.م (7.57%),,,,,,,,
 أنشطة الخبرة الاستشارية الحاسوبية وإدارة المرافق الحاسوبية,0,,0,,الجيزة خدمات ش.م.م (24.28%) | سيناء أغذية ذ.م.م (21.24%) | الإسكندرية صلب محدودة (17.20%) | اللوتس تجارة ش.م.م (13.82%) | سيناء خدمات ش.ذ.م.م (5.68%),,,,,,,,
 أنشطة الخدمات الإدارية المتكاملة للمكاتب,0,,1,high,سيناء أغذية ش.ذ.م.م (23.82%) | سيناء بلاستيك محدودة (18.89%) | الإسكندرية لوجستيات محدودة (17.20%) | النيل كيماويات ش.ذ.م.م (14.60%) | القاهرة زراعة ذ.م.م (5.07%),,,,,,,,
 أنشطة الخدمات الشخصية الأخرى غير المصنّفة في موضع آخر,0,,1,mid,النيل بلاستيك محدودة (9.96%) | الإسكندرية كيماويات ذ.م.م (9.12%) | سيناء تجارة ش.ذ.م.م (9.09%) | الأهرام تجارة ذ.م.م (8.20%) | الدلتا صلب ش.ذ.م.م (7.84%),,,,,,,,
" أنشطة الخدمات المالية الأخرى باستثناء التأمين وتمويل المعاشات التقاعدية، غير المصنّفة في موضع آخر",1,mid,1,mid,الجيزة زراعة ش.ذ.م.م (31.10%) | الدلتا صلب ش.ذ.م.م (18.84%) | اللوتس كيماويات ذ.م.م (12.74%) | الأهرام كيماويات ش.ذ.م.م (11.93%) | اللوتس لوجستيات ذ.م.م (7.95%),,,,,,,,
 أنشطة الخدمات المتصلة بالطباعة,0,,0,,مصر منسوجات محدودة (26.47%) | الدلتا كيماويات ذ.م.م (17.73%) | القاهرة كيماويات ذ.م.م (16.82%) | الدلتا منسوجات ش.ذ.م.م (9.34%) | النيل تجارة محدودة (8.04%),,,,,,,,
 أنشطة الخدمات المتصلة بالنقل البري,1,mid,0,,مصر تجارة ش.ذ.م.م (11.33%) | الإسكندرية خدمات ش.ذ.م.م (10.89%) | الأهرام خدمات ش.ذ.م.م (9.34%) | مصر تجارة ذ.م.م (8.19%) | الدلتا منسوجات ذ.م.م (8.02%),,,,,,,,
 أنشطة الخدمات المتصلة بالنقل الجوي,0,,1,mid,الأهرام تقنية ذ.م.م (13.74%) | حورس تجارة ش.م.م (11.70%) | الإسكندرية أغذية ش.ذ.م.م (8.59%) | مصر تجارة محدودة (7.75%) | مصر بلاستيك ش.ذ.م.م (7.31%),,,,,,,,
 أنشطة الخدمات المتصلة بالنقل المائي,0,,0,,سيناء تقنية ذ.م.م (15.99%) | الجيزة بلاستيك ش.ذ.م.م (11.11%) | مصر بلاستيك ش.ذ.م.م (8.37%) | حورس بلاستيك ش.ذ.م.م (7.61%) | الإسكندرية زراعة ش.م.م (7.18%),,,,,,,,
 أنشطة الدعم لإنتاج المحاصيل,0,,1,mid,مصر كيماويات ذ.م.م (22.26%) | اللوتس لوجستيات ش.م.م (21.65%) | الإسكندرية صلب ش.م.م (16.65%) | القاهرة بلاستيك محدودة (11.93%) | مصر زراعة محدودة (8.07%),,,,,,,,
 أنشطة الدعم للإنتاج الحيواني,0,,1,mid,مصر زراعة ش.م.م (22.41%) | الدلتا تجارة ش.ذ.م.م (21.12%) | الإسكندرية بلاستيك ش.ذ.م.م (9.82%) | النيل أغذية ش.ذ.م.م (7.02%) | الجيزة تقنية محدودة (6.73%),,,,,,,,
 أنشطة الدفاع,0,,0,,مصر خدمات ش.ذ.م.م (39.24%) | حورس تجارة محدودة (29.21%) | الأهرام منسوجات ش.ذ.م.م (22.72%) | الدلتا كيماويات ش.م.م (8.83%),,,,,,,,
 أنشطة الرعاية مع الإقامة للمتخلفين عقلياً والمرضى النفسانيين والمدمنين,0,,0,,الإسكندرية تقنية ش.م.م (16.68%) | النيل بلاستيك ش.م.م (10.74%) | الدلتا لوجستيات ش.ذ.م.م (8.70%) | القاهرة تجارة ش.م.م (7.81%) | اللوتس لوجستيات محدودة (6.10%),,,,,,,,
 أنشطة العيادات الطبية وعيادات الأسنان,0,,0,,الإسكندرية تجارة محدودة (21.20%) | الأهرام تقنية ش.ذ.م.م (11.43%) | مصر لوجستيات ش.ذ.م.م (7.75%) | النيل كيماويات ذ.م.م (7.22%) | النيل لوجستيات ذ.م.م (7.15%),,,,,,,,
 أنشطة المتاحف وتشغيل المواقع والمباني التاريخية,0,,1,high,اللوتس زراعة ذ.م.م (38.03%) | الإسكندرية خدمات محدودة (23.02%) | سيناء صلب ش.م.م (11.25%) | النيل لوجستيات ذ.م.م (9.10%) | القاهرة منسوجات ش.م.م (8.83%),,,,,,,,
 أنشطة المكتبات والمحفوظات,0,,1,high,الإسكندرية تجارة محدودة (30.39%) | مصر بلاستيك ش.ذ.م.م (19.70%) | مصر منسوجات محدودة (11.83%) | مصر لوجستيات محدودة (10.63%) | سيناء خدمات ذ.م.م (10.48%),,,,,,,,
 أنشطة المنظمات الأخرى ذات العضوية غير المصنَّفة في موضع آخر,0,,1,mid,الإسكندرية خدمات ش.م.م (13.49%) | الدلتا تقنية ذ.م.م (13.41%) | النيل خدمات ذ.م.م (10.72%) | الدلتا أغذية ش.م.م (6.41%) | القاهرة منسوجات ش.ذ.م.م (5.65%),,,,,,,,
 أنشطة المنظمات الدينية,0,,0,,النيل أغذية ش.ذ.م.م (12.12%) | سيناء منسوجات ذ.م.م (10.89%) | مصر خدمات ش.ذ.م.م (7.79%) | الدلتا لوجستيات ش.م.م (7.52%) | النيل أغذية ش.م.م (6.30%),,,,,,,,
 أنشطة المنظمات السياسية,0,,1,mid,الأهرام بلاستيك ذ.م.م (12.21%) | الأهرام تقنية ذ.م.م (7.90%) | الإسكندرية تجارة محدودة (6.54%) | الجيزة أغذية محدودة (6.37%) | حورس زراعة ش.ذ.م.م (6.04%),,,,,,,,
 أنشطة المنظمات المهنية ذات العضوية,0,,1,mid,حورس لوجستيات ش.ذ.م.م (20.41%) | القاهرة أغذية ش.ذ.م.م (10.87%) | سيناء منسوجات ش.م.م (7.70%) | الأهرام لوجستيات ش.ذ.م.م (7.21%) | حورس تجارة ش.ذ.م.م (6.50%),,,,,,,,
 أنشطة المنظمات ذات العضوية لرجال الأعمال وأصحاب العمل,0,,1,mid,الإسكندرية خدمات ذ.م.م (13.06%) | مصر منسوجات ذ.م.م (12.20%) | الأهرام بلاستيك ش.ذ.م.م (11.05%) | اللوتس منسوجات ش.م.م (9.76%) | حورس تجارة ش.م.م (7.86%),,,,,,,,
 أنشطة المنظمات والهيئات غير الخاضعة للولاية القضائية الوطنية,0,,1,mid,مصر أغذية ش.م.م (22.34%) | الإسكندرية تقنية ش.ذ.م.م (18.64%) | سيناء تجارة ش.ذ.م.م (14.40%) | اللوتس لوجستيات ذ.م.م (13.23%) | الأهرام أغذية محدودة (11.15%),,,,,,,,
 أنشطة النشر الأخرى,1,high,0,,القاهرة كيماويات محدودة (14.04%) | اللوتس تجارة ش.ذ.م.م (10.32%) | اللوتس خدمات ش.ذ.م.م (9.76%) | الجيزة كيماويات ذ.م.م (8.53%) | الأهرام منسوجات محدودة (8.31%),,,,,,,,
 أنشطة النظام العام والسلامة,0,,1,high,اللوتس منسوجات ش.م.م (82.68%) | الإسكندرية منسوجات ذ.م.م (9.14%) | الأهرام زراعة محدودة (8.17%),,,,,,,,
 أنشطة النوادي الرياضية,0,,1,mid,الإسكندرية خدمات محدودة (68.03%) | اللوتس بلاستيك محدودة (17.34%) | الجيزة بلاستيك محدودة (11.74%) | القاهرة لوجستيات محدودة (1.75%) | مصر كيماويات محدودة (1.14%),,,,,,,,
 أنشطة الوساطة المتعلقة بعقود الأوراق المالية والسلع الأساسية,0,,1,high,الجيزة زراعة ش.ذ.م.م (25.88%) | مصر تقنية ذ.م.م (22.89%) | النيل تقنية ش.م.م (19.39%) | مصر منسوجات ش.ذ.م.م (9.89%) | حورس بلاستيك محدودة (6.43%),,,,,,,,
 أنشطة تنظيف المباني والتنظيف الصناعي الأخرى,0,,0,,سيناء كيماويات ذ.م.م (40.11%) | حورس تجارة ش.ذ.م.م (11.38%) | الإسكندرية منسوجات محدودة (10.72%) | سيناء منسوجات ذ.م.م (7.42%) | الجيزة كيماويات محدودة (6.35%),,,,,,,,
 أنشطة توزيع الأفلام السينمائية والفيديو والبرامج التليفزيونية,0,,0,,اللوتس لوجستيات ذ.م.م (17.11%) | القاهرة أغذية ش.ذ.م.م (11.30%) | الأهرام صلب ش.ذ.م.م (10.10%) | الجيزة كيماويات ش.م.م (9.25%) | اللوتس كيماويات ذ.م.م (9.01%),,,,,,,,
 أنشطة حدائق النباتات وحدائق الحيوان والمحميات الطبيعية,0,,1,mid,القاهرة تقنية ذ.م.م (28.42%) | اللوتس لوجستيات ذ.م.م (24.37%) | الدلتا خدمات ش.م.م (13.84%) | الأهرام كيماويات ش.ذ.م.م (12.01%) | الأهرام بلاستيك ش.م.م (9.43%),,,,,,,,
 أنشطة خدمات الدعم الأخرى للأعمال غير المصنّفة في موضع آخر,0,,1,mid,مصر خدمات ش.ذ.م.م (25.82%) | النيل لوجستيات ش.ذ.م.م (15.76%) | حورس خدمات ذ.م.م (12.59%) | الأهرام أغذية ش.م.م (12.48%) | حورس تجارة محدودة (10.67%),,,,,,,,
 أنشطة خدمات الطعام الأخرى,1,mid,0,,الإسكندرية كيماويات ذ.م.م (6.50%) | النيل خدمات ش.م.م (6.21%) | حورس أغذية ش.م.م (5.21%) | الجيزة بلاستيك محدودة (4.55%) | سيناء خدمات ش.م.م (4.41%),,,,,,,,
 أنشطة خدمات المعلومات الأخرى غير المصنّفة في موضع آخر,0,,0,,مصر كيماويات ش.م.م (18.41%) | مصر كيماويات ش.م.م (16.23%) | الإسكندرية خدمات محدودة (12.26%) | الإسكندرية منسوجات ش.ذ.م.م (10.82%) | الإسكندرية بلاستيك ذ.م.م (10.49%),,,,,,,,
 أنشطة خدمات تكنولوجيا المعلومات والحاسوب الأخرى,0,,0,,الدلتا خدمات ذ.م.م (18.26%) | الجيزة لوجستيات ش.ذ.م.م (11.97%) | سيناء كيماويات ش.م.م (9.79%) | الدلتا كيماويات ذ.م.م (8.10%) | حورس تجارة ش.ذ.م.م (7.73%),,,,,,,,
 أنشطة دعم النقل الأخرى,0,,0,,الأهرام زراعة ذ.م.م (13.93%) | اللوتس زراعة محدودة (10.39%) | مصر تجارة ذ.م.م (9.48%) | اللوتس صلب ش.ذ.م.م (9.25%) | الإسكندرية تجارة ش.ذ.م.م (8.69%),,,,,,,,
 أنشطة شركات نقل البريد الخاصة,0,,1,mid,مصر صلب ش.ذ.م.م (11.20%) | الأهرام تقنية محدودة (10.97%) | القاهرة صلب ذ.م.م (9.74%) | الدلتا لوجستيات ذ.م.م (9.71%) | الدلتا زراعة ش.ذ.م.م (9.34%),,,,,,,,
 أنشطة عرض الأفلام السينمائية,1,high,0,,الجيزة صلب ش.م.م (24.49%) | النيل تقنية ذ.م.م (10.29%) | النيل صلب ش.ذ.م.م (7.05%) | الأهرام خدمات ش.ذ.م.م (7.05%) | الدلتا أغذية محدودة (5.47%),,,,,,,,
 أنشطة ما بعد الإنتاج لأفلام السينما وأفلام الفيديو والبرامج التليفزيونية,0,,1,mid,اللوتس كيماويات ش.ذ.م.م (12.25%) | الإسكندرية بلاستيك محدودة (10.65%) | الجيزة بلاستيك ذ.م.م (10.55%) | الجيزة لوجستيات محدودة (10.00%) | اللوتس كيماويات ش.ذ.م.م (9.72%),,,,,,,,
 أنشطة متكاملة لدعم المرافق,0,,1,mid,القاهرة منسوجات ش.ذ.م.م (31.14%) | حورس أغذية ذ.م.م (16.82%) | اللوتس تقنية محدودة (16.54%) | الدلتا منسوجات محدودة (7.97%) | الإسكندرية زراعة ش.م.م (5.59%),,,,,,,,
 أنشطة محاصيل بعد الحصاد,0,,1,mid,القاهرة لوجستيات ذ.م.م (20.11%) | سيناء بلاستيك ش.ذ.م.م (17.79%) | سيناء لوجستيات ذ.م.م (15.17%) | مصر تقنية محدودة (14.83%) | سيناء بلاستيك محدودة (12.36%),,,,,,,,
 أنشطة مراكز النداء,0,,1,mid,النيل تجارة ش.م.م (22.51%) | القاهرة زراعة محدودة (20.51%) | الأهرام بلاستيك ش.م.م (13.13%) | الدلتا تجارة ش.ذ.م.م (12.09%) | القاهرة تقنية ذ.م.م (10.09%),,,,,,,,
 أنشطة مشغلي الجولات السياحية,1,mid,0,,سيناء منسوجات محدودة (17.84%) | حورس زراعة ش.م.م (16.99%) | مصر منسوجات ش.م.م (14.98%) | الجيزة خدمات ش.ذ.م.م (13.31%) | القاهرة صلب ذ.م.م (6.63%),,,,,,,,
 أنشطة مُدن التسلية ومُدن الألعاب,0,,1,mid,الأهرام كيماويات ذ.م.م (22.07%) | الدلتا كيماويات محدودة (14.86%) | سيناء صلب محدودة (14.00%) | الإسكندرية زراعة ش.م.م (11.78%) | القاهرة تجارة ذ.م.م (9.01%),,,,,,,,
 أنشطة وكالات الأنباء,0,,0,,الأهرام صلب ش.م.م (23.32%) | الإسكندرية خدمات ذ.م.م (16.70%) | سيناء بلاستيك ذ.م.م (14.54%) | الإسكندرية لوجستيات ذ.م.م (11.40%) | الجيزة تجارة ش.ذ.م.م (8.16%),,,,,,,,
 أنشطة وكالات التشغيل,1,mid,1,mid,الجيزة تجارة محدودة (16.87%) | النيل زراعة ش.ذ.م.م (14.58%) | الأهرام كيماويات ش.ذ.م.م (13.01%) | سيناء تجارة ش.م.م (10.26%) | الجيزة تجارة ش.م.م (9.33%),,,,,,,,
 أنشطة وكالات السفر,0,,1,high,اللوتس بلاستيك ش.ذ.م.م (17.96%) | سيناء كيماويات محدودة (17.76%) | مصر تجارة محدودة (15.33%) | مصر تجارة محدودة (13.37%) | الدلتا كيماويات ذ.م.م (7.84%),,,,,,,,
 أنشطة وكالات تحصيل المدفوعات ومكاتب الائتمان,0,,0,,الدلتا منسوجات ش.م.م (23.38%) | سيناء تجارة ش.ذ.م.م (16.22%) | الجيزة زراعة ش.ذ.م.م (11.92%) | الجيزة صلب ش.م.م (10.54%) | الجيزة صلب ذ.م.م (9.29%),,,,,,,,
 أنشطة وكلاء وسماسرة التأمين,1,mid,0,,سيناء خدمات ذ.م.م (27.62%) | الدلتا بلاستيك ذ.م.م (11.45%) | مصر أغذية ذ.م.م (9.47%) | سيناء كيماويات ش.ذ.م.م (7.44%) | سيناء زراعة ش.ذ.م.م (5.30%),,,,,,,,
 أنواع البيع الأخرى بالتجزئة في المتاجر غير المتخصصة,1,very high,0,,حورس بلاستيك ش.ذ.م.م (7.98%) | مصر تقنية ش.م.م (6.96%) | مصر بلاستيك محدودة (6.46%) | الجيزة كيماويات ش.م.م (5.00%) | الدلتا خدمات ش.ذ.م.م (4.63%),,,,,,,,
 أنواع البيع بالتجزئة الأخرى خارج المتاجر والأكشاك والأسواق,0,,0,,سيناء منسوجات ش.ذ.م.م (5.89%) | الأهرام زراعة ش.م.م (5.26%) | حورس زراعة ذ.م.م (4.82%) | حورس تقنية ش.ذ.م.م (4.78%) | حورس لوجستيات ش.ذ.م.م (4.76%),,,,,,,,
 أنواع التعليم الأخرى غير المصنّفة في موضع آخر,0,,0,,الدلتا خدمات محدودة (15.74%) | الإسكندرية زراعة ش.م.م (9.87%) | الإسكندرية زراعة ش.م.م (8.00%) | الإسكندرية صلب ذ.م.م (7.86%) | سيناء خدمات محدودة (7.39%),,,,,,,,
 أنواع النقل البري الأخرى للركاب,0,,1,mid,النيل تقنية محدودة (14.89%) | النيل صلب ذ.م.م (12.56%) | الدلتا كيماويات ش.ذ.م.م (11.22%) | مصر أغذية محدودة (11.11%) | الدلتا لوجستيات ذ.م.م (10.36%),,,,,,,,
 أنواع الوساطة المالية الأخرى,0,,0,,الأهرام صلب محدودة (21.11%) | القاهرة تقنية ذ.م.م (19.98%) | الأهرام زراعة ذ.م.م (7.60%) | القاهرة لوجستيات محدودة (6.71%) | الدلتا تجارة محدودة (6.66%),,,,,,,,
 إتمام تجهيز المنسوجات,0,,1,high,اللوتس خدمات ذ.م.م (24.77%) | اللوتس بلاستيك محدودة (22.19%) | الأهرام تجارة محدودة (16.07%) | مصر تجارة ذ.م.م (12.30%) | مصر صلب ذ.م.م (6.82%),,,,,,,,
 إدارة الأسواق المالية,0,,1,mid,الأهرام منسوجات ش.ذ.م.م (20.10%) | مصر بلاستيك محدودة (15.06%) | سيناء تقنية ش.م.م (13.79%) | الإسكندرية لوجستيات محدودة (13.52%) | الأهرام لوجستيات ش.ذ.م.م (8.26%),,,,,,,,
 إصلاح أجهزة الحاسوب والمعدات الطرفية للحاسوب,1,high,0,,القاهرة لوجستيات ش.ذ.م.م (12.97%) | سيناء منسوجات ذ.م.م (9.42%) | الدلتا خدمات ش.ذ.م.م (7.55%) | الدلتا كيماويات محدودة (6.56%) | سيناء لوجستيات ذ.م.م (6.16%),,,,,,,,
 إصلاح الآلات,0,,0,,سيناء أغذية محدودة (50.05%) | اللوتس زراعة ذ.م.م (19.48%) | الأهرام لوجستيات ش.ذ.م.م (14.30%) | سيناء زراعة ذ.م.م (11.85%) | اللوتس زراعة ش.م.م (2.62%),,,,,,,,
 إصلاح الأثاث والمفروشات المنزلية,0,,1,high,سيناء لوجستيات محدودة (17.64%) | الأهرام خدمات محدودة (12.03%) | سيناء منسوجات ش.م.م (9.84%) | الإسكندرية زراعة ش.م.م (8.67%) | الدلتا بلاستيك ش.م.م (8.34%),,,,,,,,
 إصلاح الأجهزة الإلكترونية الاستهلاكية,0,,1,mid,حورس صلب ذ.م.م (10.15%) | مصر زراعة ش.م.م (9.35%) | اللوتس تقنية ذ.م.م (8.94%) | القاهرة تجارة محدودة (8.92%) | القاهرة خدمات ذ.م.م (8.44%),,,,,,,,
 إصلاح الأجهزة المنزلية والمعدات المنزلية ومعدات الحدائق,0,,0,,حورس تجارة ذ.م.م (9.06%) | القاهرة صلب محدودة (8.98%) | النيل تقنية ش.م.م (8.77%) | الدلتا كيماويات محدودة (7.77%) | مصر بلاستيك ش.م.م (7.69%),,,,,,,,
 إصلاح الأحذية والمنتجات الجلدية,1,mid,0,,الأهرام صلب ش.ذ.م.م (11.57%) | حورس تجارة ش.ذ.م.م (8.77%) | مصر أغذية محدودة (8.54%) | اللوتس صلب ش.م.م (8.38%) | اللوتس زراعة محدودة (7.52%),,,,,,,,
 إصلاح السلع الشخصية والمنزلية الأخرى,1,mid,0,,الإسكندرية لوجستيات محدودة (14.45%) | الدلتا تجارة ش.ذ.م.م (9.86%) | مصر تجارة ش.ذ.م.م (8.38%) | الجيزة لوجستيات محدودة (7.49%) | النيل زراعة ش.ذ.م.م (7.41%),,,,,,,,
 إصلاح المعدات الإلكترونية والبصرية,0,,1,high,سيناء صلب ش.م.م (39.87%) | اللوتس كيماويات ش.م.م (22.74%) | اللوتس أغذية محدودة (8.89%) | القاهرة لوجستيات محدودة (7.97%) | حورس أغذية ش.م.م (7.05%),,,,,,,,
 إصلاح المعدات الكهربائية,0,,1,mid,الجيزة منسوجات ش.م.م (38.94%) | مصر تجارة ش.م.م (12.57%) | الجيزة لوجستيات ش.ذ.م.م (7.96%) | الدلتا بلاستيك ش.م.م (7.16%) | حورس تجارة ش.ذ.م.م (7.12%),,,,,,,,
 إصلاح معدات الاتصالات,0,,0,,القاهرة لوجستيات ذ.م.م (17.05%) | الجيزة زراعة ذ.م.م (15.81%) | الأهرام صلب ذ.م.م (12.78%) | القاهرة بلاستيك ش.ذ.م.م (10.11%) | الجيزة خدمات ش.ذ.م.م (7.27%),,,,,,,,
 إصلاح معدات النقل فيما عدا المركبات ذات المحركات,0,,1,mid,القاهرة زراعة ش.م.م (54.04%) | الدلتا تجارة محدودة (11.52%) | الإسكندرية صلب محدودة (11.49%) | مصر تقنية محدودة (8.55%) | النيل خدمات محدودة (7.98%),,,,,,,,
 إصلاح منتجات المعادن المشكَّلة,0,,1,high,الجيزة صلب ش.ذ.م.م (45.02%) | الدلتا بلاستيك ش.م.م (31.75%) | سيناء منسوجات ش.ذ.م.م (6.77%) | اللوتس زراعة محدودة (5.73%) | الأهرام خدمات ش.ذ.م.م (3.64%),,,,,,,,
 استخراج الخث,0,,1,mid,اللوتس خدمات محدودة (32.23%) | الدلتا أغذية ش.ذ.م.م (29.22%) | الجيزة منسوجات ذ.م.م (8.52%) | مصر خدمات ش.ذ.م.م (6.68%) | اللوتس منسوجات محدودة (5.97%),,,,,,,,
 استخراج الملح,0,,0,,الإسكندرية بلاستيك ش.ذ.م.م (22.56%) | مصر بلاستيك ذ.م.م (15.08%) | اللوتس منسوجات ش.م.م (12.75%) | الأهرام خدمات ذ.م.م (9.84%) | الأهرام زراعة ش.ذ.م.م (6.79%),,,,,,,,
 استخراج النفط الخام,0,,1,mid,الدلتا تجارة ش.م.م (35.03%) | سيناء تقنية ذ.م.م (23.12%) | سيناء تقنية محدودة (13.32%) | الدلتا زراعة ش.م.م (11.57%) | مصر خدمات ش.م.م (8.05%),,,,,,,,
 استرجاع المواد,1,high,0,,حورس منسوجات ذ.م.م (26.74%) | اللوتس بلاستيك ش.م.م (20.49%) | الدلتا صلب ش.ذ.م.م (14.71%) | الإسكندرية زراعة محدودة (10.25%) | مصر بلاستيك محدودة (8.65%),,,,,,,,
 الأنشطة الأخرى المساعدة لأنشطة الخدمات المالية,0,,1,mid,الجيزة خدمات ش.ذ.م.م (15.13%) | الجيزة منسوجات ش.ذ.م.م (13.21%) | الدلتا تقنية ش.ذ.م.م (11.21%) | الإسكندرية كيماويات محدودة (9.44%) | النيل خدمات محدودة (8.82%),,,,,,,,
 الأنشطة الرياضية الأخرى,0,,1,mid,الجيزة صلب ش.م.م (24.25%) | الدلتا صلب ش.م.م (16.29%) | الدلتا أغذية ش.م.م (15.15%) | الإسكندرية زراعة ش.ذ.م.م (11.73%) | الدلتا صلب ش.م.م (8.10%),,,,,,,,
 الأنشطة العامة للإدارة العامة,0,,1,high,الإسكندرية منسوجات ش.ذ.م.م (82.90%) | حورس بلاستيك محدودة (17.10%),,,,,,,,
 الأنشطة القانونية,0,,0,,الجيزة زراعة ذ.م.م (9.30%) | مصر كيماويات محدودة (7.44%) | القاهرة تقنية ش.ذ.م.م (7.30%) | سيناء كيماويات محدودة (7.10%) | الجيزة بلاستيك ش.م.م (5.83%),,,,,,,,
" الأنشطة المحاسبية وأنشطة مسك الدفاتر ومراجعة الحسابات، والاستشارات الضريبية",0,,0,,الدلتا صلب محدودة (17.87%) | الدلتا زراعة ذ.م.م (8.68%) | مصر أغذية محدودة (5.30%) | النيل بلاستيك محدودة (5.15%) | حورس أغذية ش.م.م (4.28%),,,,,,,,
 الأنشطة غير المميَّزة لإنتاج الخدمات التي تقوم بها الأُسَر المعيشية لاستعمالها الخاص,0,,1,high,الجيزة لوجستيات محدودة (45.29%) | النيل كيماويات محدودة (35.10%) | القاهرة خدمات محدودة (10.99%) | الأهرام تقنية ش.م.م (6.02%) | سيناء منسوجات ش.م.م (1.89%),,,,,,,,
 الأنشطة غير المميَّزة لإنتاج السلع التي تقوم بها الأُسَر المعيشية لاستعمالها الخاص,0,,0,,حورس صلب ذ.م.م (93.12%) | الأهرام خدمات محدودة (6.88%),,,,,,,,
 البيع بالتجزئة عن طريق بيوت تنفيذ طلبات الشراء أو عن طريق الإنترنت,0,,0,,الإسكندرية زراعة ش.ذ.م.م (12.54%) | الإسكندرية زراعة ش.م.م (9.95%) | القاهرة تقنية محدودة (6.07%) | الإسكندرية كيماويات ذ.م.م (6.03%) | مصر خدمات ش.ذ.م.م (5.16%),,,,,,,,
 البيع بالتجزئة في المتاجر غير المتخصصة التي تبيع الأطعمة والمشروبات والتبغ أساساً,1,mid,0,,الأهرام زراعة محدودة (4.31%) | حورس لوجستيات ذ.م.م (4.18%) | سيناء تجارة محدودة (3.59%) | الأهرام أغذية ذ.م.م (3.58%) | الجيزة أغذية ذ.م.م (3.52%),,,,,,,,
 البيع بالتجزئة للأجهزة الكهربائية المنزلية والأثاث ومعدات الإضاءة وغيرها من الأصناف المنزلية في المتاجر المتخصصة,0,,1,mid,مصر أغذية محدودة (5.87%) | الجيزة أغذية ش.ذ.م.م (5.72%) | الدلتا زراعة ش.ذ.م.م (5.56%) | سيناء زراعة ش.ذ.م.م (5.16%) | حورس منسوجات ذ.م.م (5.14%),,,,,,,,
 البيع بالتجزئة للمعدات السمعية والبصرية في المتاجر المتخصصة,1,mid,0,,القاهرة منسوجات ذ.م.م (13.78%) | اللوتس صلب ش.م.م (6.47%) | مصر تجارة ش.ذ.م.م (4.82%) | اللوتس زراعة ش.ذ.م.م (4.21%) | الأهرام لوجستيات ش.م.م (4.10%),,,,,,,,
 التأجير المالي,0,,0,,الجيزة صلب ش.م.م (27.17%) | النيل لوجستيات ش.م.م (11.97%) | النيل زراعة ذ.م.م (10.21%) | الدلتا تجارة محدودة (9.90%) | القاهرة كيماويات محدودة (8.41%),,,,,,,,
 التأمين على الحياة,0,,1,mid,الإسكندرية صلب ش.م.م (14.53%) | مصر تقنية ش.ذ.م.م (13.43%) | حورس صلب ش.م.م (11.40%) | القاهرة زراعة محدودة (8.82%) | النيل أغذية ذ.م.م (7.78%),,,,,,,,
" التأمين، بخلاف التأمين على الحياة",0,,1,mid,مصر منسوجات ذ.م.م (19.02%) | الأهرام لوجستيات ذ.م.م (18.32%) | الإسكندرية تقنية ش.م.م (15.96%) | القاهرة تقنية ذ.م.م (14.69%) | اللوتس لوجستيات ذ.م.م (11.08%),,,,,,,,
 التخزين,0,,1,mid,الجيزة زراعة ذ.م.م (20.15%) | مصر تجارة ش.م.م (13.79%) | مصر منسوجات ش.ذ.م.م (10.65%) | القاهرة صلب ش.م.م (9.00%) | الدلتا أغذية ش.م.م (7.91%),,,,,,,,
 التركيبات الكهربائية,0,,1,mid,مصر زراعة ش.م.م (5.37%) | الأهرام أغذية محدودة (5.24%) | سيناء خدمات ش.م.م (5.03%) | الدلتا تجارة محدودة (4.84%) | النيل تجارة ش.ذ.م.م (4.72%),,,,,,,,
 التعليم الثانوي العام,1,mid,0,,القاهرة بلاستيك ش.ذ.م.م (30.13%) | الدلتا تقنية ش.ذ.م.م (12.40%) | الإسكندرية لوجستيات ش.ذ.م.م (9.13%) | القاهرة منسوجات ش.م.م (7.45%) | الأهرام زراعة ذ.م.م (7.32%),,,,,,,,
 التعليم الثانوي الفني والمهني,0,,1,mid,مصر لوجستيات ذ.م.م (22.49%) | الأهرام بلاستيك محدودة (17.11%) | النيل منسوجات ذ.م.م (9.83%) | حورس منسوجات ش.م.م (9.07%) | الدلتا خدمات ش.ذ.م.م (7.62%),,,,,,,,
 التعليم الثقافي,1,mid,0,,القاهرة كيماويات ش.ذ.م.م (13.18%) | مصر زراعة محدودة (10.09%) | مصر لوجستيات ش.ذ.م.م (7.51%) | الأهرام زراعة ش.م.م (6.95%) | النيل خدمات محدودة (6.53%),,,,,,,,
 التعليم في مجال الرياضة والترفيه,1,mid,0,,حورس زراعة ذ.م.م (14.52%) | الإسكندرية كيماويات ذ.م.م (9.11%) | النيل بلاستيك ش.م.م (7.38%) | مصر بلاستيك ش.م.م (7.13%) | الجيزة كيماويات ش.ذ.م.م (7.03%),,,,,,,,
 التنظيف العام للمباني,0,,1,high,الأهرام خدمات محدودة (18.44%) | القاهرة صلب ش.م.م (14.16%) | اللوتس بلاستيك ش.م.م (13.88%) | اللوتس أغذية ش.ذ.م.م (11.73%) | الدلتا تقنية ش.م.م (9.82%),,,,,,,,
 الشؤون الخارجية,0,,1,mid,النيل تجارة محدودة (100.00%),,,,,,,,
 الصيد والقنص وأنشطة الخدمات المتصلة,0,,1,high,النيل بلاستيك محدودة (19.13%) | القاهرة تجارة ش.ذ.م.م (13.20%) | القاهرة أغذية محدودة (9.01%) | سيناء زراعة ذ.م.م (8.91%) | سيناء خدمات ش.ذ.م.م (8.88%),,,,,,,,
 الطباعة,0,,1,mid,النيل خدمات ذ.م.م (22.65%) | سيناء تجارة ش.ذ.م.م (20.71%) | سيناء تجارة ش.ذ.م.م (14.99%) | سيناء تجارة ش.ذ.م.م (13.04%) | الجيزة صلب ش.ذ.م.م (9.55%),,,,,,,,
 المصارف المركزية,0,,0,,الأهرام خدمات ش.م.م (12.25%) | حورس لوجستيات ذ.م.م (10.92%) | الإسكندرية صلب محدودة (7.68%) | سيناء أغذية ش.م.م (7.57%) | الإسكندرية صلب ذ.م.م (7.28%),,,,,,,,
 النقل البري للبضائع,0,,0,,النيل منسوجات ذ.م.م (13.43%) | حورس تجارة ش.م.م (12.39%) | الجيزة منسوجات ش.ذ.م.م (11.91%) | اللوتس صلب ش.ذ.م.م (9.45%) | مصر منسوجات ش.ذ.م.م (6.92%),,,,,,,,
 النقل البري للركاب في المدن والضواحي,0,,1,mid,مصر بلاستيك ذ.م.م (14.51%) | اللوتس لوجستيات ش.م.م (14.13%) | سيناء زراعة محدودة (12.66%) | مصر خدمات ذ.م.م (12.57%) | النيل تقنية محدودة (8.66%),,,,,,,,
 النقل المائي البحري والساحلي للبضائع,1,mid,0,,الأهرام منسوجات محدودة (11.75%) | سيناء تقنية ش.ذ.م.م (9.75%) | حورس خدمات ذ.م.م (9.72%) | حورس لوجستيات ذ.م.م (9.04%) | اللوتس خدمات محدودة (5.95%),,,,,,,,
 النقل المائي البحري والساحلي للركاب,0,,1,high,الدلتا تجارة ذ.م.م (24.91%) | الإسكندرية منسوجات ش.م.م (13.31%) | القاهرة كيماويات ش.ذ.م.م (11.63%) | سيناء صلب ش.م.م (8.83%) | الإسكندرية تقنية محدودة (6.73%),,,,,,,,
 النقل المائي الداخلي للبضائع,1,mid,0,,النيل كيماويات محدودة (13.84%) | حورس زراعة ش.م.م (10.42%) | سيناء بلاستيك ش.ذ.م.م (8.76%) | الدلتا تقنية ش.ذ.م.م (8.71%) | مصر زراعة ش.م.م (6.85%),,,,,,,,
 النقل المائي الداخلي للركاب,0,,1,mid,الأهرام تقنية ش.م.م (14.89%) | النيل منسوجات ذ.م.م (9.07%) | الأهرام تجارة ذ.م.م (8.54%) | النيل صلب محدودة (7.73%) | الإسكندرية لوجستيات ذ.م.م (7.02%),,,,,,,,
 النقل بخطوط الأنابيب,0,,1,mid,الإسكندرية تقنية محدودة (13.27%) | سيناء زراعة محدودة (9.83%) | النيل تقنية ش.ذ.م.م (8.77%) | الأهرام أغذية ذ.م.م (7.84%) | حورس منسوجات ش.م.م (7.76%),,,,,,,,
 الهدم,0,,0,,الأهرام تجارة ش.ذ.م.م (7.78%) | الدلتا منسوجات ش.ذ.م.م (6.92%) | اللوتس تقنية محدودة (4.02%) | سيناء بلاستيك ش.م.م (3.93%) | الإسكندرية صلب محدودة (3.51%),,,,,,,,
 بناء السفن والمنشآت العائمة,0,,1,mid,الدلتا منسوجات محدودة (24.05%) | حورس زراعة ش.م.م (16.58%) | الدلتا كيماويات ش.م.م (15.13%) | سيناء تقنية محدودة (13.62%) | حورس كيماويات ش.ذ.م.م (10.86%),,,,,,,,
 بناء قوارب النزهة والرياضة,0,,0,,الإسكندرية تقنية ش.ذ.م.م (14.76%) | الأهرام لوجستيات ش.ذ.م.م (14.41%) | الإسكندرية زراعة ش.ذ.م.م (13.32%) | حورس أغذية ش.م.م (11.80%) | النيل خدمات ش.ذ.م.م (8.27%),,,,,,,,
 بوابات الشبكة,1,mid,0,,مصر بلاستيك ذ.م.م (25.54%) | سيناء تجارة محدودة (12.89%) | سيناء تجارة محدودة (9.53%) | الجيزة تقنية ش.م.م (6.96%) | الجيزة كيماويات ذ.م.م (6.83%),,,,,,,,
 بيع أنواع الوقود الصلبة والسائلة والغازية وما يتصل بها من منتجات بالجملة,0,,0,,الإسكندرية خدمات ش.م.م (6.17%) | الدلتا تقنية ش.ذ.م.م (5.34%) | النيل كيماويات ذ.م.م (5.14%) | اللوتس تجارة ش.م.م (4.87%) | سيناء أغذية ذ.م.م (4.34%),,,,,,,,
 بيع الآلات والمعدات الأخرى بالجملة,0,,0,,سيناء خدمات ش.م.م (4.79%) | سيناء بلاستيك ذ.م.م (4.39%) | سيناء بلاستيك ذ.م.م (4.18%) | الإسكندرية خدمات ش.م.م (3.75%) | مصر تقنية محدودة (3.51%),,,,,,,,
 بيع الآلات والمعدات واللوازم الزراعية بالجملة,1,mid,0,,الأهرام زراعة ذ.م.م (8.57%) | القاهرة منسوجات ذ.م.م (8.50%) | القاهرة صلب ذ.م.م (6.65%) | اللوتس لوجستيات ذ.م.م (5.70%) | القاهرة كيماويات ذ.م.م (4.18%),,,,,,,,
 بيع الأدوات الرياضية بالتجزئة في المتاجر المتخصصة,1,mid,0,,اللوتس زراعة ش.م.م (13.51%) | النيل لوجستيات ش.م.م (4.27%) | سيناء زراعة ذ.م.م (4.23%) | الجيزة تقنية ش.ذ.م.م (4.14%) | الإسكندرية لوجستيات ذ.م.م (4.01%),,,,,,,,
 بيع الأدوات المعدنية والطلاء والزجاج بالتجزئة في المتاجر المتخصصة,1,mid,0,,القاهرة زراعة ش.ذ.م.م (5.25%) | النيل بلاستيك محدودة (4.60%) | سيناء كيماويات ش.م.م (4.03%) | الجيزة صلب محدودة (3.96%) | الإسكندرية تجارة ش.ذ.م.م (3.85%),,,,,,,,
 بيع الأغذية بالتجزئة في المتاجر المتخصصة,1,high,0,,الإسكندرية تقنية ش.م.م (8.80%) | مصر أغذية ذ.م.م (5.41%) | مصر كيماويات ش.ذ.م.م (4.89%) | حورس صلب محدودة (4.62%) | حورس منسوجات ذ.م.م (4.51%),,,,,,,,
 بيع الأغذية والمشروبات ومنتجات التبغ بالتجزئة في الأكشاك والأسواق,1,mid,0,,الأهرام تقنية ذ.م.م (12.38%) | سيناء منسوجات ذ.م.م (4.77%) | حورس منسوجات ش.ذ.م.م (4.41%) | مصر كيماويات ذ.م.م (4.19%) | سيناء صلب ش.م.م (4.11%),,,,,,,,
 بيع الألعاب والّلعب بالتجزئة في المتاجر المتخصصة,1,very high,0,,سيناء زراعة محدودة (8.59%) | الدلتا لوجستيات ش.م.م (6.85%) | القاهرة زراعة محدودة (4.80%) | حورس زراعة ش.م.م (4.55%) | النيل تقنية محدودة (4.22%),,,,,,,,
 بيع البضائع الجديدة الأخرى بالتجزئة في متاجر متخصصة,0,,0,,اللوتس خدمات ش.ذ.م.م (5.81%) | الأهرام تجارة محدودة (5.30%) | مصر بلاستيك ش.ذ.م.م (4.84%) | مصر تجارة ش.م.م (4.64%) | الإسكندرية لوجستيات ذ.م.م (4.63%),,,,,,,,
 بيع البضائع المستعملة بالتجزئة,0,,1,high,اللوتس منسوجات ش.م.م (5.09%) | الإسكندرية خدمات ش.م.م (4.69%) | النيل بلاستيك ش.م.م (4.07%) | حورس صلب محدودة (3.82%) | حورس خدمات ش.ذ.م.م (3.48%),,,,,,,,
 بيع التسجيلات الموسيقية وتسجيلات الفيديو بالتجزئة في المتاجر المتخصصة,0,,1,mid,النيل كيماويات محدودة (5.16%) | حورس منسوجات ذ.م.م (4.40%) | مصر خدمات محدودة (4.26%) | النيل تجارة محدودة (4.23%) | الإسكندرية كيماويات ش.ذ.م.م (4.05%),,,,,,,,
 بيع الحواسيب والمعدات الطرفية للحواسيب والبرمجيات بالجملة,1,mid,0,,سيناء أغذية ش.ذ.م.م (5.17%) | حورس بلاستيك ش.ذ.م.م (4.51%) | الجيزة لوجستيات ش.ذ.م.م (4.29%) | الأهرام خدمات محدودة (3.93%) | اللوتس تجارة ش.ذ.م.م (3.66%),,,,,,,,
" بيع الحواسيب والمعدات الطرفية للحواسيب، والبرمجيات، ومعدات الاتصالات بالتجزئة في المتاجر المتخصصة",0,,1,mid,الإسكندرية زراعة ش.ذ.م.م (6.70%) | القاهرة زراعة ش.م.م (4.45%) | اللوتس كيماويات محدودة (4.44%) | الدلتا لوجستيات ش.م.م (4.43%) | القاهرة تجارة ش.ذ.م.م (4.41%),,,,,,,,
 بيع السجاد والبُسط وكسوة الأرضيات والحوائط بالتجزئة في المحلات المتخصصة,0,,1,mid,النيل زراعة ش.ذ.م.م (11.25%) | الإسكندرية صلب ذ.م.م (6.09%) | سيناء تجارة محدودة (5.15%) | الأهرام منسوجات محدودة (4.84%) | حورس أغذية محدودة (4.58%),,,,,,,,
 بيع السلع الأخرى بالتجزئة في الأكشاك والأسواق,0,,0,,مصر بلاستيك ش.م.م (7.18%) | الدلتا تجارة محدودة (6.37%) | مصر تقنية ش.ذ.م.م (5.07%) | مصر خدمات ش.م.م (4.93%) | مصر خدمات ش.م.م (4.77%),,,,,,,,
 بيع السلع المنزلية الأخرى بالجملة,0,,1,mid,الدلتا صلب ش.م.م (21.75%) | الجيزة تجارة ش.م.م (12.39%) | النيل صلب ش.م.م (3.88%) | الأهرام صلب ش.ذ.م.م (3.62%) | القاهرة بلاستيك ش.م.م (3.48%),,,,,,,,
 بيع الكتب والصحف والأدوات الكتابية بالتجزئة في المتاجر المتخصصة,1,mid,0,,مصر أغذية ذ.م.م (5.16%) | مصر خدمات ذ.م.م (4.83%) | سيناء خدمات محدودة (4.62%) | الجيزة خدمات ذ.م.م (4.28%) | الجيزة منسوجات ذ.م.م (4.28%),,,,,,,,
 بيع المشروبات بالتجزئة في المتاجر المتخصصة,0,,0,,سيناء زراعة ش.ذ.م.م (7.36%) | حورس أغذية ش.ذ.م.م (6.21%) | الأهرام لوجستيات محدودة (5.99%) | مصر منسوجات ش.م.م (5.55%) | حورس كيماويات محدودة (5.05%),,,,,,,,
 بيع المعادن وركازات المعادن بالجملة,0,,0,,القاهرة لوجستيات ش.م.م (6.25%) | القاهرة لوجستيات ذ.م.م (5.87%) | الجيزة أغذية ش.م.م (5.62%) | سيناء زراعة ش.م.م (5.53%) | سيناء لوجستيات ذ.م.م (5.30%),,,,,,,,
 بيع المعدات الإلكترونية ومعدات الاتصالات وقطع غيارها بالجملة,0,,0,,مصر كيماويات ش.ذ.م.م (4.63%) | مصر بلاستيك ش.م.م (4.61%) | الجيزة منسوجات ش.ذ.م.م (4.51%) | مصر تقنية ش.ذ.م.م (4.24%) | حورس منسوجات ش.ذ.م.م (4.18%),,,,,,,,
 بيع الملبوسات والأحذية والأصناف الجلدية بالتجزئة في المتاجر المتخصصة,0,,0,,النيل كيماويات ذ.م.م (4.67%) | سيناء لوجستيات ذ.م.م (4.17%) | الدلتا منسوجات محدودة (4.04%) | الإسكندرية زراعة محدودة (3.94%) | الدلتا خدمات ذ.م.م (3.80%),,,,,,,,
 بيع المنتجات الصيدلانية والطبية ومستحضرات التجميل وأدوات الزينة بالتجزئة في متاجر متخصصة,0,,0,,الأهرام خدمات ش.م.م (8.29%) | الإسكندرية لوجستيات ذ.م.م (6.63%) | الإسكندرية أغذية ش.م.م (4.85%) | سيناء أغذية ذ.م.م (4.26%) | اللوتس منسوجات ش.ذ.م.م (4.07%),,,,,,,,
 بيع المنسوجات بالتجزئة في المتاجر المتخصصة,1,high,0,,النيل منسوجات محدودة (7.75%) | الإسكندرية أغذية ش.ذ.م.م (4.78%) | حورس أغذية محدودة (4.51%) | مصر منسوجات محدودة (4.03%) | الإسكندرية بلاستيك محدودة (3.91%),,,,,,,,
 بيع المنسوجات والملبوسات والأحذية بالتجزئة في الأكشاك والأسواق,1,mid,1,mid,الإسكندرية تجارة ذ.م.م (8.89%) | النيل خدمات ش.م.م (8.28%) | مصر بلاستيك ذ.م.م (7.38%) | الجيزة صلب ذ.م.م (6.16%) | النيل تقنية ذ.م.م (5.41%),,,,,,,,
 بيع المنسوجات والملبوسات والأحذية بالجملة,0,,1,mid,حورس زراعة ش.ذ.م.م (7.34%) | الجيزة زراعة ذ.م.م (4.94%) | مصر كيماويات محدودة (4.43%) | حورس أغذية ش.م.م (4.21%) | الجيزة زراعة ش.ذ.م.م (4.00%),,,,,,,,
 بيع النفايات والخردة وغير ذلك من المنتجات غير المصنّفة في موضع آخر بالجملة,0,,1,mid,مصر منسوجات محدودة (5.75%) | سيناء صلب ش.م.م (5.54%) | مصر أغذية ذ.م.م (5.40%) | الدلتا منسوجات ش.ذ.م.م (5.17%) | سيناء زراعة ذ.م.م (4.81%),,,,,,,,
 بيع قطع غيار المركبات ذات المحركات وملحقاتها,0,,0,,النيل خدمات محدودة (7.20%) | الإسكندرية خدمات ش.م.م (6.42%) | حورس تجارة محدودة (5.59%) | الجيزة أغذية محدودة (5.55%) | الجيزة خدمات ش.ذ.م.م (5.45%),,,,,,,,
 بيع منتجات التبغ بالتجزئة في المتاجر المتخصصة,1,mid,1,mid,اللوتس منسوجات ش.م.م (6.02%) | اللوتس تجارة محدودة (5.85%) | الإسكندرية منسوجات ش.ذ.م.م (4.89%) | النيل منسوجات ش.م.م (4.84%) | سيناء كيماويات ش.ذ.م.م (4.81%),,,,,,,,
 بيع مواد البناء والمواد الإنشائية المعدنية ومعدات السباكة والتدفئة ولوازمها بالجملة,1,mid,0,,الأهرام تجارة محدودة (8.20%) | الجيزة خدمات محدودة (7.62%) | النيل زراعة محدودة (4.95%) | سيناء خدمات ذ.م.م (4.62%) | الدلتا زراعة محدودة (4.24%),,,,,,,,
 تأجير الآلات والمعدات الأخرى والسلع الحقيقية,0,,0,,القاهرة خدمات ش.م.م (33.26%) | الجيزة كيماويات محدودة (11.55%) | سيناء بلاستيك ش.ذ.م.م (11.24%) | سيناء كيماويات ش.ذ.م.م (9.01%) | سيناء خدمات محدودة (5.89%),,,,,,,,
 تأجير السلع الترفيهية والرياضية,1,mid,0,,الأهرام بلاستيك محدودة (15.14%) | القاهرة خدمات محدودة (14.63%) | سيناء لوجستيات محدودة (13.38%) | حورس بلاستيك ذ.م.م (8.08%) | اللوتس كيماويات ذ.م.م (6.57%),,,,,,,,
 تأجير السلع الشخصية والمنزلية الأخرى,0,,1,mid,الدلتا خدمات ذ.م.م (23.55%) | حورس صلب ش.م.م (18.82%) | سيناء تجارة ش.م.م (10.28%) | الأهرام بلاستيك ش.ذ.م.م (9.73%) | النيل بلاستيك ش.ذ.م.م (8.83%),,,,,,,,
 تأجير شرائط وأقراص الفيديو,1,mid,0,,الدلتا زراعة ذ.م.م (27.71%) | الدلتا تقنية ش.ذ.م.م (26.07%) | الأهرام خدمات ش.م.م (19.82%) | النيل تجارة محدودة (10.84%) | القاهرة تجارة ش.ذ.م.م (6.26%),,,,,,,,
 تجهيز البيانات واستضافة المواقع على الشبكة وما يتصل بذلك من أنشطة,1,mid,0,,الأهرام كيماويات ش.ذ.م.م (27.38%) | حورس كيماويات ش.م.م (17.08%) | القاهرة أغذية محدودة (12.90%) | اللوتس تقنية ش.ذ.م.م (8.77%) | سيناء تجارة محدودة (7.48%),,,,,,,,
 تجهيز وحفظ اللحوم,0,,1,mid,القاهرة زراعة ذ.م.م (29.91%) | الإسكندرية تجارة ش.ذ.م.م (23.58%) | حورس بلاستيك ش.م.م (17.94%) | الإسكندرية بلاستيك ش.ذ.م.م (9.69%) | الدلتا بلاستيك محدودة (6.79%),,,,,,,,
 تحضير الموقع,0,,1,mid,القاهرة لوجستيات ش.ذ.م.م (4.47%) | حورس منسوجات محدودة (4.26%) | الإسكندرية صلب ش.ذ.م.م (3.88%) | القاهرة كيماويات ش.ذ.م.م (3.80%) | النيل خدمات ش.م.م (3.59%),,,,,,,,
 تحضير وغزل ألياف المنسوجات,0,,1,mid,القاهرة تقنية ش.م.م (19.94%) | الجيزة صلب محدودة (14.26%) | الدلتا تجارة ش.م.م (12.11%) | الإسكندرية منسوجات ذ.م.م (11.10%) | سيناء بلاستيك ذ.م.م (10.02%),,,,,,,,
 تربية الجمال والحيوانات الجملية,0,,1,high,الإسكندرية تجارة ذ.م.م (32.45%) | اللوتس لوجستيات ش.ذ.م.م (23.28%) | الأهرام منسوجات ذ.م.م (17.08%) | الدلتا منسوجات ذ.م.م (14.92%) | الإسكندرية بلاستيك محدودة (5.41%),,,,,,,,
 تربية الحيوانات الأخرى,1,mid,0,,الجيزة تجارة ذ.م.م (16.65%) | النيل أغذية ش.ذ.م.م (15.43%) | الأهرام بلاستيك ش.م.م (10.65%) | اللوتس تقنية ش.ذ.م.م (10.61%) | الإسكندرية زراعة ذ.م.م (7.96%),,,,,,,,
 تربية الخنازير,0,,1,mid,الجيزة منسوجات ش.ذ.م.م (30.82%) | الجيزة تقنية ذ.م.م (29.34%) | اللوتس صلب ش.ذ.م.م (8.59%) | الإسكندرية أغذية ش.ذ.م.م (8.39%) | الأهرام خدمات ش.م.م (6.85%),,,,,,,,
 تربية الخيول والحيوانات الخيلية الأخرى,0,,1,high,حورس تقنية ش.ذ.م.م (44.90%) | القاهرة لوجستيات ش.ذ.م.م (23.57%) | اللوتس أغذية محدودة (15.09%) | القاهرة أغذية ش.م.م (9.39%) | حورس كيماويات ش.ذ.م.م (6.13%),,,,,,,,
 تربية الدواجن,0,,1,mid,الأهرام خدمات ش.ذ.م.م (49.13%) | الأهرام منسوجات محدودة (11.03%) | النيل صلب ش.م.م (9.74%) | حورس صلب ش.م.م (9.38%) | القاهرة أغذية ش.ذ.م.م (9.06%),,,,,,,,
 تربية الضأن والماعز,1,mid,0,,الدلتا بلاستيك محدودة (20.33%) | اللوتس منسوجات محدودة (15.92%) | الأهرام كيماويات ش.م.م (14.85%) | اللوتس بلاستيك محدودة (13.69%) | النيل زراعة ش.ذ.م.م (11.91%),,,,,,,,
 تربية المائيات البحرية,0,,1,mid,الدلتا تجارة محدودة (46.20%) | الأهرام بلاستيك محدودة (21.16%) | اللوتس صلب محدودة (16.02%) | اللوتس صلب ذ.م.م (6.34%) | حورس كيماويات ش.ذ.م.م (6.26%),,,,,,,,
 تربية المائيات في المياه العذبة,0,,1,high,اللوتس أغذية محدودة (25.02%) | الإسكندرية بلاستيك محدودة (19.36%) | مصر لوجستيات ش.ذ.م.م (17.25%) | سيناء تجارة ش.ذ.م.م (16.50%) | الجيزة خدمات ش.م.م (12.09%),,,,,,,,
 تربية الماشية والجاموس,0,,1,high,النيل تقنية ش.ذ.م.م (20.19%) | مصر لوجستيات محدودة (12.59%) | الإسكندرية منسوجات ذ.م.م (12.12%) | الإسكندرية لوجستيات ش.م.م (11.91%) | الأهرام منسوجات ش.م.م (11.58%),,,,,,,,
 تركيبات إنشائية أخرى,0,,1,mid,اللوتس كيماويات ش.ذ.م.م (7.18%) | النيل تجارة محدودة (5.75%) | سيناء تجارة ذ.م.م (4.87%) | سيناء منسوجات محدودة (4.71%) | الإسكندرية تقنية ش.ذ.م.م (4.52%),,,,,,,,
 تشغيل المرافق الرياضية,0,,1,high,سيناء منسوجات ش.ذ.م.م (44.91%) | الدلتا صلب ش.م.م (13.48%) | الجيزة لوجستيات ش.ذ.م.م (9.29%) | الجيزة خدمات محدودة (8.39%) | حورس تقنية ش.ذ.م.م (7.45%),,,,,,,,
 تشكيل المعادن بالطرق والكبس والسبك والدلفنة؛ ميتالورجيا المساحيق,0,,1,high,الأهرام صلب ش.ذ.م.م (27.99%) | حورس تجارة ش.م.م (27.94%) | الجيزة تجارة محدودة (11.57%) | مصر لوجستيات ذ.م.م (11.17%) | الدلتا منسوجات ذ.م.م (6.54%),,,,,,,,
 تصفيف الشعر وأنواع التجميل الأخرى,0,,0,,الإسكندرية تجارة ش.م.م (8.08%) | الأهرام تجارة محدودة (7.12%) | الدلتا أغذية محدودة (6.48%) | الجيزة تجارة ش.ذ.م.م (6.48%) | القاهرة تقنية محدودة (5.73%),,,,,,,,
 تصوير المستندات وتحضير الوثائق وغيرها من أنشطة الدعم المتخصصة للمكاتب,0,,1,high,النيل زراعة محدودة (16.85%) | الجيزة تجارة ذ.م.م (13.77%) | الجيزة زراعة ذ.م.م (12.85%) | سيناء صلب ش.م.م (12.52%) | الأهرام لوجستيات محدودة (11.19%),,,,,,,,
 تعدين المعادن الكيميائية ومعادن الأسمدة,0,,1,high,الإسكندرية أغذية ذ.م.م (71.10%) | الجيزة تجارة ش.ذ.م.م (28.90%),,,,,,,,
 تعدين ركازات الفلزات غير الحديدية الأخرى,0,,1,mid,مصر زراعة ذ.م.م (52.01%) | سيناء لوجستيات محدودة (22.21%) | مصر لوجستيات ذ.م.م (20.47%) | النيل صلب ش.ذ.م.م (3.08%) | اللوتس صلب ذ.م.م (2.23%),,,,,,,,
 تعدين ركازات اليورانيوم والثوريوم,0,,1,mid,الإسكندرية زراعة محدودة (39.78%) | الأهرام تجارة ش.ذ.م.م (26.55%) | الإسكندرية زراعة محدودة (10.45%) | الإسكندرية أغذية ش.ذ.م.م (8.86%) | الأهرام تقنية ذ.م.م (8.67%),,,,,,,,
 تقديم موارد بشرية أخرى,0,,0,,مصر زراعة ش.ذ.م.م (14.90%) | اللوتس زراعة محدودة (14.33%) | الجيزة كيماويات ش.ذ.م.م (9.97%) | سيناء زراعة ش.م.م (8.78%) | الأهرام كيماويات محدودة (6.75%),,,,,,,,
 تقديم وجبات الطعام في المناسبات,1,very high,0,,حورس زراعة ذ.م.م (4.98%) | اللوتس تقنية ذ.م.م (4.69%) | الجيزة كيماويات ذ.م.م (4.64%) | النيل زراعة ذ.م.م (4.37%) | اللوتس خدمات ذ.م.م (3.91%),,,,,,,,
 تقطير المشروبات الروحية وتكريرها وخلطها,1,mid,1,mid,الأهرام تجارة ش.ذ.م.م (22.25%) | النيل زراعة محدودة (19.19%) | سيناء صلب ش.ذ.م.م (14.31%) | الجيزة منسوجات ش.م.م (6.76%) | اللوتس بلاستيك ش.ذ.م.م (6.27%),,,,,,,,
 تقييم المخاطر والأضرار,0,,0,,اللوتس تقنية ذ.م.م (27.34%) | حورس تقنية ذ.م.م (12.75%) | الجيزة منسوجات محدودة (8.18%) | القاهرة أغذية ذ.م.م (6.74%) | حورس أغذية ش.ذ.م.م (5.61%),,,,,,,,
" تنظيم أنشطة تقديم الرعاية الصحية والتعليم والخدمات الثقافية وغيرها من الخدمات الاجتماعية، فيما عدا الضمان الاجتماعي",0,,1,mid,القاهرة منسوجات ش.ذ.م.م (53.70%) | الدلتا صلب محدودة (34.63%) | الدلتا تقنية محدودة (11.67%),,,,,,,,
 تنظيم أنشطة قطاع الأعمال والمساهمة في تحسين عملياته,0,,1,high,سيناء زراعة ش.ذ.م.م (38.97%) | الدلتا صلب ش.ذ.م.م (36.39%) | الدلتا زراعة محدودة (24.65%),,,,,,,,
 توصيل الوقود البخاري وتكييف الهواء,1,mid,0,,النيل منسوجات ذ.م.م (12.84%) | سيناء صلب ش.م.م (7.06%) | حورس تقنية ش.ذ.م.م (6.88%) | سيناء صلب ش.م.م (6.13%) | الدلتا زراعة محدودة (6.06%),,,,,,,,
 توليد الطاقة الكهربائية ونقلها وتوزيعها,0,,1,mid,القاهرة صلب محدودة (7.32%) | اللوتس تقنية محدودة (6.93%) | النيل بلاستيك ذ.م.م (6.80%) | القاهرة تقنية محدودة (6.49%) | الإسكندرية صلب ش.ذ.م.م (6.32%),,,,,,,,
 جمع النفايات الخطرة,1,mid,1,mid,النيل لوجستيات ش.م.م (55.68%) | الإسكندرية بلاستيك ش.ذ.م.م (18.81%) | حورس خدمات ذ.م.م (11.04%) | حورس خدمات ش.ذ.م.م (10.79%) | حورس تجارة ش.ذ.م.م (3.68%),,,,,,,,
 جمع النفايات غير الخطرة,0,,1,high,النيل كيماويات ش.م.م (44.65%) | الجيزة تقنية ش.م.م (21.54%) | اللوتس تقنية ش.ذ.م.م (12.02%) | الأهرام خدمات محدودة (6.23%) | الدلتا لوجستيات محدودة (3.88%),,,,,,,,
 خدمات الدعم للحراجة,0,,1,very high,القاهرة زراعة ذ.م.م (37.06%) | الأهرام تقنية ش.ذ.م.م (15.22%) | حورس تقنية ش.م.م (10.93%) | النيل كيماويات ش.م.م (9.72%) | مصر خدمات محدودة (9.29%),,,,,,,,
 دبغ وتهيئة الجلود؛ تهيئة وصبغ الفراء,0,,1,mid,اللوتس أغذية ش.ذ.م.م (25.64%) | حورس زراعة محدودة (23.74%) | الجيزة خدمات ش.ذ.م.م (16.95%) | سيناء كيماويات محدودة (13.48%) | الجيزة أغذية ش.ذ.م.م (8.13%),,,,,,,,
 زراعة أشجار وشجيرات الفاكهة الأخرى والجوزيات,1,high,0,,القاهرة منسوجات ش.م.م (27.40%) | الدلتا صلب ذ.م.م (23.17%) | النيل خدمات ش.ذ.م.م (19.73%) | القاهرة أغذية ذ.م.م (7.37%) | الجيزة زراعة ذ.م.م (6.99%),,,,,,,,
 زراعة الأرز,1,high,0,,القاهرة كيماويات ذ.م.م (50.09%) | اللوتس تجارة ش.ذ.م.م (19.36%) | الأهرام كيماويات محدودة (12.38%) | الإسكندرية لوجستيات ش.ذ.م.م (6.05%) | النيل صلب ش.ذ.م.م (3.43%),,,,,,,,
 زراعة الأعناب,1,mid,1,mid,الجيزة تقنية ش.م.م (18.25%) | القاهرة لوجستيات ش.م.م (12.77%) | الأهرام زراعة ش.م.م (12.54%) | مصر كيماويات ش.م.م (9.26%) | سيناء خدمات ش.م.م (7.79%),,,,,,,,
 زراعة التبغ,0,,1,mid,الجيزة أغذية محدودة (17.08%) | حورس منسوجات ش.ذ.م.م (14.72%) | النيل لوجستيات ش.ذ.م.م (14.06%) | النيل لوجستيات ش.م.م (8.61%) | مصر لوجستيات ش.ذ.م.م (7.87%),,,,,,,,
 زراعة التوابل والمحاصيل العطرية ومحاصيل العقاقير والمحاصيل الصيدلانية,0,,1,mid,الإسكندرية تجارة ش.م.م (24.20%) | مصر لوجستيات ذ.م.م (20.75%) | القاهرة تقنية محدودة (17.71%) | سيناء تجارة ش.ذ.م.م (9.51%) | الأهرام زراعة محدودة (8.87%),,,,,,,,
 زراعة الثمار التفاحية والثمار ذات النواة,0,,1,high,مصر تجارة ش.ذ.م.م (35.36%) | مصر منسوجات ش.ذ.م.م (32.11%) | الإسكندرية تقنية ذ.م.م (11.61%) | حورس لوجستيات محدودة (7.93%) | مصر منسوجات ش.ذ.م.م (4.50%),,,,,,,,
 زراعة الثمار الزيتية,1,mid,1,mid,مصر صلب ذ.م.م (49.98%) | الجيزة تقنية ذ.م.م (15.30%) | الجيزة خدمات محدودة (10.92%) | الجيزة بلاستيك محدودة (8.29%) | الدلتا بلاستيك محدودة (4.85%),,,,,,,,
 زراعة الحبوب باستثناء الأرز( والمحاصيل البقولية والبذور الزيتية),0,,1,mid,الإسكندرية أغذية ش.م.م (25.42%) | سيناء كيماويات ذ.م.م (20.63%) | القاهرة كيماويات ش.م.م (13.42%) | الدلتا كيماويات محدودة (11.64%) | سيناء خدمات ذ.م.م (8.25%),,,,,,,,
 زراعة الحمضيات (الموالح),0,,1,high,الجيزة كيماويات ش.م.م (20.68%) | القاهرة لوجستيات ش.م.م (17.59%) | الأهرام أغذية ذ.م.م (12.61%) | النيل تقنية ذ.م.م (9.18%) | النيل كيماويات ش.ذ.م.م (8.70%),,,,,,,,
 زراعة الخضر والبطيخيات والجذور والدرنات,0,,1,high,حورس زراعة محدودة (19.75%) | الأهرام زراعة ش.ذ.م.م (15.95%) | مصر أغذية محدودة (15.80%) | حورس لوجستيات ش.ذ.م.م (11.18%) | مصر تقنية ش.م.م (8.60%),,,,,,,,
 زراعة الفواكه المدارية وشبه المدارية,0,,1,high,سيناء لوجستيات ش.م.م (24.50%) | القاهرة صلب ش.م.م (17.67%) | الأهرام بلاستيك ش.م.م (17.07%) | القاهرة زراعة محدودة (14.63%) | سيناء كيماويات محدودة (8.61%),,,,,,,,
 زراعة المحاصيل الأخرى غير الدائمة,1,mid,1,mid,حورس خدمات محدودة (25.05%) | الإسكندرية منسوجات ش.م.م (15.07%) | سيناء تقنية محدودة (14.39%) | الدلتا لوجستيات محدودة (9.51%) | اللوتس صلب ش.م.م (5.36%),,,,,,,,
 زراعة المحاصيل الدائمة الأخرى,0,,0,,الدلتا لوجستيات محدودة (26.44%) | الأهرام صلب ش.م.م (15.43%) | سيناء كيماويات ذ.م.م (14.98%) | مصر منسوجات محدودة (9.87%) | سيناء تجارة ش.م.م (6.48%),,,,,,,,
 زراعة قصب السكر,1,high,0,,سيناء منسوجات ش.م.م (29.54%) | مصر زراعة محدودة (22.91%) | حورس صلب ش.ذ.م.م (19.38%) | القاهرة تجارة ش.م.م (7.56%) | النيل زراعة محدودة (5.88%),,,,,,,,
 زراعة محاصيل الألياف,0,,1,mid,النيل تقنية ش.ذ.م.م (18.90%) | الدلتا تجارة محدودة (18.10%) | سيناء خدمات ش.م.م (14.26%) | الإسكندرية تجارة ش.ذ.م.م (8.22%) | مصر منسوجات محدودة (7.17%),,,,,,,,
 زراعة محاصيل المشروبات,0,,0,,الإسكندرية تجارة ذ.م.م (43.06%) | الدلتا بلاستيك محدودة (20.66%) | القاهرة تجارة ذ.م.م (8.99%) | سيناء أغذية ذ.م.م (4.86%) | الأهرام خدمات ش.م.م (4.64%),,,,,,,,
 سبك الحديد والصلب,1,mid,1,mid,مصر تجارة ش.ذ.م.م (65.35%) | اللوتس تقنية ش.م.م (13.27%) | النيل زراعة ش.ذ.م.م (7.97%) | الأهرام صلب ش.ذ.م.م (7.96%) | القاهرة بلاستيك محدودة (5.46%),,,,,,,,
 سبك المعادن غير الحديدية,0,,1,high,الجيزة بلاستيك محدودة (25.41%) | حورس كيماويات ش.م.م (17.61%) | النيل خدمات ذ.م.م (17.23%) | الدلتا صلب ش.ذ.م.م (14.10%) | النيل تجارة محدودة (10.34%),,,,,,,,
 صناعة الآلات الزراعية وآلات الحراجة,1,mid,1,mid,اللوتس زراعة ذ.م.م (27.58%) | حورس صلب ش.ذ.م.م (14.95%) | الدلتا صلب ش.ذ.م.م (10.79%) | سيناء أغذية ذ.م.م (10.50%) | الجيزة تقنية ذ.م.م (10.39%),,,,,,,,
 صيد أسماك المياه العذبة,0,,0,,حورس لوجستيات محدودة (19.87%) | اللوتس منسوجات ش.م.م (18.19%) | اللوتس منسوجات ش.م.م (14.56%) | الإسكندرية تجارة ذ.م.م (10.15%) | مصر زراعة ذ.م.م (10.10%),,,,,,,,
 صيد الأسماك البحرية,1,mid,1,mid,الإسكندرية منسوجات محدودة (16.61%) | الأهرام كيماويات محدودة (12.49%) | الدلتا منسوجات ش.م.م (11.29%) | الجيزة منسوجات ذ.م.م (10.56%) | الأهرام بلاستيك ذ.م.م (9.48%),,,,,,,,
 صُنع آلات أخرى لأغراض خاصة,0,,1,mid,الدلتا زراعة محدودة (27.80%) | الجيزة أغذية ش.م.م (12.14%) | الجيزة زراعة محدودة (11.26%) | سيناء خدمات ذ.م.م (7.94%) | سيناء صلب ذ.م.م (7.21%),,,,,,,,
 صُنع آلات إنتاج المنسوجات والملبوسات والجلود,0,,1,mid,اللوتس منسوجات ش.م.م (31.27%) | الدلتا صلب ش.ذ.م.م (28.21%) | مصر تجارة ش.م.م (11.61%) | الدلتا زراعة ش.ذ.م.م (11.56%) | القاهرة منسوجات ش.م.م (4.69%),,,,,,,,
 صُنع آلات تجهيز الأغذية والمشروبات والتبغ,0,,1,mid,الأهرام لوجستيات محدودة (27.53%) | حورس كيماويات ش.ذ.م.م (18.37%) | الأهرام خدمات ذ.م.م (13.55%) | اللوتس تقنية ش.م.م (9.95%) | الجيزة صلب ش.ذ.م.م (9.49%),,,,,,,,
 صُنع آلات تستعمل في الميتالورجيا,0,,1,high,اللوتس تجارة ش.ذ.م.م (24.79%) | الإسكندرية صلب ش.ذ.م.م (12.94%) | الأهرام كيماويات ش.م.م (12.63%) | الأهرام تجارة ش.م.م (9.95%) | القاهرة خدمات ذ.م.م (8.32%),,,,,,,,
 صُنع آلات تشكيل المعادن والعدد الآلية,1,very high,0,,حورس تجارة محدودة (29.27%) | الأهرام أغذية ش.ذ.م.م (27.46%) | سيناء صلب محدودة (11.11%) | الجيزة كيماويات ش.م.م (8.98%) | سيناء بلاستيك ذ.م.م (5.50%),,,,,,,,
 صُنع آلات لعمليات التعدين واستغلال المحاجر والتشييد,0,,1,mid,مصر زراعة محدودة (42.86%) | سيناء لوجستيات محدودة (22.90%) | الإسكندرية تقنية ذ.م.م (10.99%) | الأهرام بلاستيك ش.م.م (9.35%) | النيل تجارة ذ.م.م (5.93%),,,,,,,,
 صُنع أجزاء وتوابع ومحرّكات المركبات ذات المحرّكات,0,,1,mid,سيناء لوجستيات محدودة (29.13%) | اللوتس بلاستيك ش.ذ.م.م (28.00%) | سيناء زراعة ذ.م.م (11.40%) | الدلتا بلاستيك ذ.م.م (8.27%) | مصر صلب محدودة (6.23%),,,,,,,,
 صُنع أجهزة الأسلاك,0,,0,,النيل تجارة ش.ذ.م.م (22.94%) | اللوتس تقنية ش.ذ.م.م (22.92%) | الإسكندرية كيماويات ذ.م.م (16.11%) | سيناء منسوجات ذ.م.م (11.08%) | الدلتا تقنية ش.م.م (8.31%),,,,,,,,
 صُنع أدوات القطع والعُدد اليدوية والأدوات المعدنية العامة,0,,0,,القاهرة لوجستيات ذ.م.م (46.74%) | اللوتس بلاستيك محدودة (15.51%) | سيناء صلب ذ.م.م (12.22%) | الإسكندرية بلاستيك محدودة (9.06%) | الإسكندرية تجارة ذ.م.م (8.61%),,,,,,,,
 صُنع أصناف أخرى من الورق والورق المقوى,1,very high,0,,النيل بلاستيك محدودة (36.08%) | اللوتس كيماويات ش.ذ.م.م (11.33%) | حورس كيماويات ش.م.م (9.30%) | الجيزة زراعة محدودة (9.10%) | مصر تجارة محدودة (5.22%),,,,,,,,
 صُنع أصناف من الخرسانة والأسمنت والجص,0,,1,mid,سيناء خدمات محدودة (32.10%) | القاهرة أغذية محدودة (29.78%) | الأهرام تجارة محدودة (26.24%) | الأهرام تجارة ش.ذ.م.م (6.43%) | القاهرة زراعة ش.ذ.م.م (3.71%),,,,,,,,
 صُنع الآلات الأخرى متعددة الأغراض,0,,1,mid,الأهرام كيماويات ذ.م.م (32.94%) | النيل تجارة ش.م.م (30.13%) | الإسكندرية خدمات محدودة (17.41%) | اللوتس خدمات ش.ذ.م.م (16.12%) | الإسكندرية كيماويات ش.م.م (3.41%),,,,,,,,
 صُنع الآلات والمعدات المكتبية )باستثناء الحواسيب والمعدات الملحقة بها(,0,,1,mid,الدلتا لوجستيات محدودة (24.39%) | الأهرام تجارة ش.م.م (23.42%) | سيناء بلاستيك ش.ذ.م.م (16.14%) | الجيزة كيماويات ش.ذ.م.م (9.66%) | الجيزة منسوجات ش.م.م (5.65%),,,,,,,,
 صُنع الأجهزة الكهربائية المنزلية,0,,0,,الدلتا منسوجات ش.ذ.م.م (45.43%) | الدلتا خدمات ش.ذ.م.م (18.06%) | النيل لوجستيات ذ.م.م (5.81%) | الدلتا تقنية ش.م.م (4.51%) | مصر تجارة ش.م.م (4.02%),,,,,,,,
 صُنع الأدوات والمستلزمات الطبية والتي تستخدم في علاج الأسنان,0,,1,mid,القاهرة لوجستيات ذ.م.م (45.49%) | الجيزة تجارة ش.م.م (27.49%) | الجيزة أغذية ذ.م.م (27.03%),,,,,,,,
 صُنع الأسلاك والكابلات الإلكترونية والكهربائية الأخرى,0,,1,high,اللوتس تجارة ذ.م.م (38.67%) | الإسكندرية أغذية ش.ذ.م.م (36.70%) | الجيزة بلاستيك ذ.م.م (24.62%),,,,,,,,
 صُنع الأسلحة والذخائر,0,,1,mid,سيناء منسوجات ش.ذ.م.م (49.06%) | القاهرة تجارة ش.ذ.م.م (20.25%) | الأهرام كيماويات ذ.م.م (13.89%) | القاهرة أغذية ش.م.م (9.10%) | اللوتس صلب ذ.م.م (7.70%),,,,,,,,
 صُنع الأسمدة والمركبات الأزوتية,0,,0,,الجيزة صلب ش.ذ.م.م (26.00%) | الجيزة بلاستيك ش.م.م (16.33%) | النيل تقنية محدودة (15.82%) | اللوتس بلاستيك ذ.م.م (12.93%) | الجيزة لوجستيات ش.م.م (10.91%),,,,,,,,
 صُنع الأسمنت ومنتجات صُلب نصف جاهزة,0,,0,,الدلتا أغذية ش.ذ.م.م (18.60%) | حورس صلب ش.ذ.م.م (17.17%) | حورس خدمات محدودة (15.18%) | سيناء بلاستيك محدودة (13.64%) | النيل صلب ش.م.م (12.38%),,,,,,,,
 صُنع الأفران وأفران الصهر ومواقد أفران الصهر,0,,0,,الدلتا زراعة ش.ذ.م.م (27.11%) | حورس أغذية ش.م.م (23.86%) | الدلتا صلب ذ.م.م (16.08%) | حورس تجارة ش.ذ.م.م (8.90%) | اللوتس تقنية ش.م.م (7.34%),,,,,,,,
 صُنع الأقمشة المغزولة بصنارة (التريكو) وبإبرة معقوفة (الكروشيه),0,,1,high,الدلتا خدمات ش.ذ.م.م (33.33%) | الدلتا منسوجات ش.ذ.م.م (24.36%) | الإسكندرية أغذية ش.م.م (21.03%) | النيل خدمات محدودة (9.95%) | مصر منسوجات ش.م.م (4.54%),,,,,,,,
 صُنع الألياف الاصطناعية,0,,1,mid,القاهرة تقنية ش.م.م (41.64%) | الإسكندرية كيماويات محدودة (21.32%) | الأهرام منسوجات محدودة (10.24%) | النيل منسوجات ش.ذ.م.م (6.60%) | الإسكندرية كيماويات ش.م.م (6.22%),,,,,,,,
 صُنع الأنبذة,0,,1,mid,سيناء تقنية ش.م.م (21.85%) | الأهرام لوجستيات محدودة (20.28%) | سيناء أغذية ش.م.م (14.33%) | الدلتا بلاستيك ذ.م.م (9.64%) | حورس منسوجات ش.م.م (7.45%),,,,,,,,
 صُنع الأوعية الخشبية,0,,1,mid,الإسكندرية بلاستيك ش.ذ.م.م (30.57%) | الدلتا زراعة ش.م.م (21.03%) | الجيزة كيماويات ش.ذ.م.م (13.89%) | حورس صلب ذ.م.م (13.61%) | الأهرام زراعة ذ.م.م (12.11%),,,,,,,,
 صُنع الإطارات والأنابيب المطاطية؛ وتجديد الأسطح الخارجية للإطارات المطاطية وإعادة بنائها,0,,1,mid,النيل تجارة ش.ذ.م.م (25.26%) | الجيزة تجارة محدودة (24.79%) | الأهرام منسوجات ذ.م.م (21.16%) | الدلتا صلب ش.ذ.م.م (10.10%) | القاهرة لوجستيات ش.م.م (6.21%),,,,,,,,
 صُنع الإلكترونيات الاستهلاكية,0,,0,,اللوتس تقنية ش.م.م (29.24%) | حورس لوجستيات ذ.م.م (16.73%) | الجيزة صلب ش.ذ.م.م (16.43%) | حورس منسوجات ش.م.م (13.42%) | الجيزة بلاستيك ش.م.م (7.95%),,,,,,,,
 صُنع البطاريات والمراكم,0,,1,mid,الجيزة كيماويات ش.ذ.م.م (28.05%) | النيل صلب ذ.م.م (20.49%) | الدلتا لوجستيات ش.ذ.م.م (14.27%) | اللوتس بلاستيك ذ.م.م (10.95%) | اللوتس كيماويات ش.م.م (7.88%),,,,,,,,
 صُنع البُسط والسجاد,0,,1,mid,القاهرة لوجستيات ش.م.م (56.73%) | الدلتا منسوجات ش.م.م (21.06%) | الإسكندرية أغذية ذ.م.م (7.39%) | الجيزة كيماويات ذ.م.م (7.15%) | سيناء صلب ش.م.م (5.35%),,,,,,,,
 صُنع الدرّاجات العادية والكراسي المتحركة,0,,1,mid,الجيزة لوجستيات محدودة (27.90%) | النيل صلب ش.ذ.م.م (22.76%) | مصر بلاستيك ش.ذ.م.م (20.24%) | الأهرام بلاستيك ش.م.م (12.76%) | سيناء كيماويات محدودة (8.46%),,,,,,,,
 صُنع الدرّاجات النارية,0,,1,mid,حورس منسوجات ذ.م.م (31.11%) | حورس لوجستيات محدودة (23.79%) | الأهرام كيماويات ش.م.م (23.72%) | الجيزة بلاستيك ش.ذ.م.م (11.03%) | الإسكندرية تقنية محدودة (6.20%),,,,,,,,
" صُنع الدهانات والورنيشات والطلاءات المماثلة، وأحبار الطباعة والمعاجين المستكية",0,,1,mid,الإسكندرية خدمات محدودة (24.64%) | القاهرة تجارة محدودة (21.83%) | حورس خدمات محدودة (16.83%) | سيناء صلب ش.ذ.م.م (10.29%) | الإسكندرية منسوجات ش.ذ.م.م (6.34%),,,,,,,,
 صُنع الساعات بأنواعها )وآليات تحديد التوقيتات(,0,,1,mid,مصر أغذية ش.ذ.م.م (23.76%) | النيل صلب محدودة (18.89%) | الأهرام تقنية ذ.م.م (17.02%) | الإسكندرية خدمات محدودة (16.47%) | القاهرة تقنية ذ.م.م (10.13%),,,,,,,,
 صُنع السكر,0,,1,mid,الأهرام أغذية ش.م.م (38.58%) | اللوتس خدمات ش.م.م (16.10%) | النيل لوجستيات ش.ذ.م.م (11.48%) | مصر لوجستيات ش.ذ.م.م (9.57%) | الدلتا كيماويات ش.م.م (6.18%),,,,,,,,
" صُنع الصابون والمنظفات، ومستحضرات التنظيف والتلميع، العطور ومستحضرات التجميل",0,,1,mid,سيناء تقنية ش.م.م (26.67%) | النيل صلب ش.ذ.م.م (24.96%) | اللوتس تقنية ذ.م.م (16.83%) | النيل أغذية ذ.م.م (12.34%) | الأهرام تقنية ش.م.م (10.92%),,,,,,,,
 صُنع الصهاريج والخزانات والأوعية من المعادن,0,,0,,النيل خدمات ش.م.م (47.02%) | الإسكندرية تجارة ش.م.م (14.75%) | مصر تجارة محدودة (11.17%) | الأهرام زراعة محدودة (8.95%) | حورس منسوجات ذ.م.م (8.59%),,,,,,,,
 صُنع العُدد اليدوية التي تعمل بالطاقة,0,,1,high,سيناء كيماويات ذ.م.م (21.39%) | حورس تجارة محدودة (18.83%) | النيل صلب محدودة (17.16%) | اللوتس كيماويات ش.ذ.م.م (13.70%) | اللوتس أغذية محدودة (12.42%),,,,,,,,
 صُنع الكاكاو والشوكولاتة والحلويات السكرية,1,mid,1,mid,الجيزة كيماويات ش.ذ.م.م (66.24%) | النيل كيماويات محدودة (11.22%) | النيل زراعة ش.م.م (9.14%) | الإسكندرية أغذية ذ.م.م (5.27%) | النيل منسوجات ذ.م.م (3.44%),,,,,,,,
 صُنع اللدائن والمطاط التركيبي في أشكالها الأوَّلية,1,very high,0,,الأهرام خدمات ش.ذ.م.م (36.94%) | سيناء تقنية ش.ذ.م.م (23.45%) | الأهرام كيماويات ذ.م.م (15.86%) | الأهرام زراعة ذ.م.م (8.39%) | الجيزة خدمات ذ.م.م (6.85%),,,,,,,,
 صُنع اللُباب والورق والورق المقوى,0,,1,mid,الدلتا زراعة ش.ذ.م.م (32.58%) | سيناء كيماويات محدودة (22.68%) | اللوتس منسوجات محدودة (21.10%) | النيل منسوجات ذ.م.م (19.01%) | الأهرام تجارة ذ.م.م (3.17%),,,,,,,,
 صُنع المجوهرات المقلَّدة والأصناف ذات الصلة,0,,1,mid,القاهرة بلاستيك ش.م.م (36.13%) | حورس صلب ذ.م.م (18.74%) | القاهرة منسوجات محدودة (17.08%) | اللوتس أغذية ش.م.م (16.96%) | الإسكندرية زراعة ش.ذ.م.م (9.78%),,,,,,,,
 صُنع المجوهرات والأصناف المتصلة,0,,1,mid,سيناء أغذية ش.ذ.م.م (30.76%) | القاهرة كيماويات ش.ذ.م.م (28.60%) | الأهرام صلب محدودة (16.42%) | القاهرة زراعة محدودة (7.64%) | اللوتس أغذية محدودة (7.37%),,,,,,,,
 صُنع المحامل والتروس وعناصر أجهزة التعشيق ونقل الحركة,0,,1,mid,مصر أغذية ش.ذ.م.م (17.03%) | القاهرة منسوجات ذ.م.م (13.81%) | سيناء كيماويات ش.م.م (11.88%) | النيل تجارة ش.ذ.م.م (10.31%) | الجيزة تقنية محدودة (10.25%),,,,,,,,
" صُنع المحرّكات والتوربينات، باستثناء محرّكات الطائرات والسيارات والدرّاجات النارية",1,high,0,,الدلتا كيماويات ذ.م.م (22.64%) | القاهرة أغذية ش.م.م (21.52%) | الأهرام لوجستيات ش.ذ.م.م (16.28%) | اللوتس خدمات ش.ذ.م.م (15.44%) | النيل أغذية ش.ذ.م.م (11.71%),,,,,,,,
 صُنع المشروبات الكحولية من الشعير وصُنع مشروب الشعير,0,,0,,مصر صلب ش.ذ.م.م (29.47%) | النيل لوجستيات ش.م.م (26.35%) | الإسكندرية بلاستيك ذ.م.م (17.60%) | الإسكندرية لوجستيات محدودة (16.22%) | الأهرام بلاستيك ذ.م.م (5.67%),,,,,,,,
 صُنع المشروبات غير الكحولية؛ إنتاج المياه المعدنية والمياه الأخرى المعبأة في زجاجات,0,,1,mid,الأهرام زراعة ش.ذ.م.م (22.22%) | الأهرام تقنية محدودة (18.24%) | مصر صلب محدودة (17.60%) | الجيزة أغذية ش.م.م (16.51%) | القاهرة بلاستيك ذ.م.م (11.29%),,,,,,,,
 صُنع المضخات والضواغط والصنابير والصمامات الأخرى,0,,1,mid,اللوتس لوجستيات ش.م.م (40.87%) | الإسكندرية زراعة ش.م.م (30.25%) | سيناء زراعة ذ.م.م (10.38%) | الجيزة صلب ذ.م.م (10.03%) | اللوتس منسوجات ش.ذ.م.م (7.75%),,,,,,,,
 صُنع المعكرونة وشرائط المعكرونة والكسكسي والمنتجات النشوية المماثلة,0,,1,mid,الإسكندرية أغذية ذ.م.م (27.43%) | اللوتس تقنية ذ.م.م (26.63%) | مصر زراعة ش.ذ.م.م (22.05%) | الجيزة زراعة ش.ذ.م.م (11.29%) | الجيزة كيماويات ذ.م.م (8.68%),,,,,,,,
 صُنع المنتجات الأخرى من البورسلين والخزف,0,,1,mid,حورس خدمات ش.ذ.م.م (28.55%) | الدلتا منسوجات ش.ذ.م.م (16.63%) | الدلتا أغذية محدودة (13.08%) | مصر منسوجات محدودة (9.04%) | القاهرة تقنية ش.م.م (7.45%),,,,,,,,
 صُنع المنتجات الحرارية,0,,0,,الجيزة بلاستيك ش.م.م (26.76%) | الجيزة لوجستيات محدودة (14.09%) | الدلتا زراعة محدودة (8.95%) | الدلتا كيماويات ش.م.م (8.77%) | مصر خدمات محدودة (8.22%),,,,,,,,
 صُنع المنتجات الطفلية الإنشائية,0,,1,mid,الدلتا أغذية ش.ذ.م.م (39.44%) | الدلتا تجارة ش.ذ.م.م (13.59%) | الدلتا تجارة ش.ذ.م.م (11.11%) | القاهرة صلب ش.ذ.م.م (9.61%) | الجيزة كيماويات محدودة (9.59%),,,,,,,,
 صُنع المنتجات الكيميائية الأخرى غير المصنّفة في موضع آخر,0,,1,high,القاهرة تقنية ش.ذ.م.م (23.73%) | حورس أغذية محدودة (12.08%) | اللوتس لوجستيات ش.م.م (11.04%) | الإسكندرية بلاستيك ش.م.م (11.04%) | اللوتس خدمات ش.م.م (7.65%),,,,,,,,
 صُنع المنتجات اللدائنية,0,,0,,النيل صلب محدودة (19.63%) | مصر صلب محدودة (18.46%) | اللوتس منسوجات ش.ذ.م.م (15.06%) | مصر بلاستيك ش.م.م (9.08%) | القاهرة زراعة محدودة (8.79%),,,,,,,,
 صُنع المنتجات المطاطية الأخرى,0,,1,mid,الأهرام تقنية محدودة (39.67%) | سيناء منسوجات ذ.م.م (19.23%) | الدلتا صلب ش.ذ.م.م (17.04%) | سيناء تقنية ذ.م.م (9.80%) | الإسكندرية منسوجات ش.م.م (9.30%),,,,,,,,
 صُنع المنتجات المعدنية الإنشائية,1,mid,1,mid,مصر صلب ذ.م.م (28.96%) | النيل تقنية محدودة (19.76%) | القاهرة كيماويات محدودة (12.69%) | حورس بلاستيك ش.ذ.م.م (11.43%) | حورس بلاستيك ذ.م.م (9.44%),,,,,,,,
 صُنع المنتجات المعدنية اللافلزية الأخرى غير المصنّفة في موضع آخر,0,,0,,مصر أغذية ش.ذ.م.م (22.72%) | الجيزة تجارة ذ.م.م (14.40%) | الدلتا منسوجات ش.م.م (12.49%) | حورس خدمات ذ.م.م (10.00%) | النيل كيماويات ش.م.م (9.87%),,,,,,,,
 صُنع المنسوجات الجاهزة باستثناء الملبوسات,1,mid,1,mid,الجيزة خدمات محدودة (56.54%) | اللوتس خدمات ذ.م.م (15.84%) | القاهرة منسوجات محدودة (11.83%) | سيناء تجارة ش.ذ.م.م (5.21%) | الدلتا كيماويات محدودة (3.52%),,,,,,,,
 صُنع المواد الكيميائية الأساسية,0,,1,mid,مصر منسوجات ش.م.م (27.70%) | القاهرة بلاستيك ذ.م.م (17.23%) | سيناء زراعة ش.ذ.م.م (10.67%) | النيل زراعة ش.م.م (10.18%) | النيل منسوجات ش.ذ.م.م (9.39%),,,,,,,,
 صُنع النشاء ومنتجات النشاء,1,mid,0,,مصر بلاستيك ذ.م.م (20.96%) | حورس تجارة ذ.م.م (14.61%) | الجيزة زراعة ذ.م.م (12.87%) | سيناء أغذية ش.ذ.م.م (11.05%) | سيناء منسوجات ش.ذ.م.م (9.43%),,,,,,,,
 صُنع الورق المموَّج والورق المقوى والأوعية المصنوعة من الورق والورق المقوى,0,,0,,القاهرة تجارة ش.ذ.م.م (19.53%) | النيل لوجستيات ش.ذ.م.م (15.62%) | الإسكندرية صلب محدودة (13.80%) | حورس زراعة ش.م.م (11.52%) | سيناء منسوجات ش.م.م (10.59%),,,,,,,,
 صُنع حبال السُفن والحبال من المجدولات القنبية والشباك,0,,1,mid,حورس زراعة ش.ذ.م.م (25.83%) | حورس تقنية محدودة (20.05%) | سيناء صلب ذ.م.م (15.04%) | الدلتا تجارة ذ.م.م (13.96%) | الأهرام تجارة ذ.م.م (11.35%),,,,,,,,
" صُنع حقائب الأمتعة وحقائب اليد وما شابهها، والسروج والأعنة",0,,1,mid,سيناء خدمات ش.م.م (37.95%) | الجيزة منسوجات ذ.م.م (17.18%) | الجيزة كيماويات ش.م.م (11.82%) | سيناء لوجستيات محدودة (11.61%) | الإسكندرية لوجستيات ش.م.م (10.23%),,,,,,,,
 صُنع رقائق من قشرة الخشب والألواح المصنوعة من الخشب,0,,1,high,الأهرام لوجستيات ذ.م.م (22.52%) | اللوتس تجارة ش.ذ.م.م (20.23%) | حورس زراعة محدودة (16.59%) | مصر زراعة محدودة (11.82%) | الجيزة تجارة محدودة (11.70%),,,,,,,,
 صُنع كابلات الألياف البصرية,0,,0,,الأهرام منسوجات محدودة (23.15%) | اللوتس صلب محدودة (20.35%) | الأهرام أغذية ش.م.م (12.95%) | الأهرام خدمات ش.م.م (11.24%) | مصر تقنية ذ.م.م (7.26%),,,,,,,,
 صُنع مبيدات الآفات والمنتجات الكيميائية الزراعية الأخرى,0,,1,mid,الإسكندرية صلب محدودة (65.65%) | الإسكندرية زراعة محدودة (24.19%) | سيناء منسوجات ش.ذ.م.م (4.33%) | الإسكندرية بلاستيك محدودة (4.33%) | اللوتس خدمات ش.م.م (1.50%),,,,,,,,
 صُنع معدات الرفع والمناولة,0,,0,,القاهرة أغذية ذ.م.م (21.03%) | الجيزة زراعة محدودة (16.22%) | اللوتس كيماويات محدودة (13.98%) | القاهرة زراعة محدودة (12.08%) | اللوتس بلاستيك ش.م.م (11.65%),,,,,,,,
 صُنع معدات القياس والاختبار والملاحة والتحكُّم,0,,1,mid,مصر كيماويات محدودة (44.62%) | الجيزة صلب ذ.م.م (24.46%) | الإسكندرية خدمات ذ.م.م (15.37%) | النيل صلب محدودة (10.21%) | الجيزة كيماويات ش.ذ.م.م (4.29%),,,,,,,,
 صُنع معدات النقل الأخرى غير المصنّفة في موضع آخر,0,,1,mid,الأهرام صلب محدودة (48.05%) | اللوتس أغذية ذ.م.م (18.48%) | اللوتس لوجستيات ش.م.م (12.34%) | سيناء منسوجات ذ.م.م (9.44%) | القاهرة كيماويات محدودة (9.01%),,,,,,,,
 صُنع معدات تعمل بطاقة الموائع,0,,0,,حورس بلاستيك ش.م.م (16.84%) | الإسكندرية كيماويات محدودة (14.83%) | حورس بلاستيك ش.ذ.م.م (11.09%) | الدلتا بلاستيك ذ.م.م (10.75%) | الجيزة تقنية ش.ذ.م.م (8.89%),,,,,,,,
 صُنع منتجات أخرى غير مصنّفة في موضع آخر,1,mid,0,,النيل أغذية محدودة (24.24%) | اللوتس أغذية ش.م.م (20.71%) | اللوتس تقنية محدودة (13.14%) | الإسكندرية بلاستيك ذ.م.م (11.72%) | مصر كيماويات ش.م.م (6.84%),,,,,,,,
 صُنع منتجات الأغذية الأخرى غير المصنَّفة في موضع آخر,0,,0,,القاهرة خدمات محدودة (25.07%) | سيناء تجارة ش.م.م (18.30%) | الجيزة صلب ش.م.م (12.75%) | حورس خدمات ش.م.م (11.07%) | الجيزة كيماويات محدودة (8.91%),,,,,,,,
 صُنع منتجات الألبان,0,,0,,الجيزة لوجستيات ش.م.م (33.69%) | الجيزة منسوجات محدودة (30.58%) | حورس أغذية ش.ذ.م.م (16.19%) | الجيزة كيماويات ش.ذ.م.م (12.46%) | الجيزة منسوجات ش.م.م (7.08%),,,,,,,,
 صُنع منتجات المخابز,0,,1,high,اللوتس خدمات ش.م.م (20.67%) | الجيزة خدمات ذ.م.م (18.56%) | الأهرام بلاستيك محدودة (12.95%) | الإسكندرية زراعة ش.ذ.م.م (11.76%) | اللوتس بلاستيك ش.م.م (8.43%),,,,,,,,
 صُنع منتجات المعادن المشكَّلة الأخرى غير المصنّفة في موضع آخر,0,,1,mid,اللوتس منسوجات ش.ذ.م.م (25.79%) | اللوتس لوجستيات محدودة (24.47%) | مصر صلب ش.ذ.م.م (18.67%) | القاهرة تقنية ش.ذ.م.م (18.05%) | القاهرة كيماويات ش.م.م (7.55%),,,,,,,,
" صُنع منتجات خشبية أخرى، صُنع أصناف الفلِّين والقش ومواد الضفر",0,,1,mid,اللوتس لوجستيات ش.ذ.م.م (56.07%) | سيناء منسوجات ش.م.م (25.35%) | الدلتا بلاستيك ذ.م.م (9.82%) | مصر صلب ش.ذ.م.م (7.36%) | الأهرام بلاستيك ش.ذ.م.م (1.40%),,,,,,,,
 صُنع منتجات طواحين الحبوب,1,mid,1,mid,النيل تجارة محدودة (29.09%) | مصر بلاستيك محدودة (24.38%) | القاهرة تقنية ذ.م.م (17.90%) | اللوتس كيماويات ش.م.م (12.36%) | الجيزة منسوجات ش.م.م (6.32%),,,,,,,,
 صُنع منتجات ومشغولات النجارة اللازمة لعمال البناء,0,,1,high,القاهرة منسوجات ش.م.م (31.52%) | حورس أغذية محدودة (23.55%) | الإسكندرية منسوجات ش.ذ.م.م (12.48%) | سيناء صلب ش.م.م (12.27%) | النيل منسوجات محدودة (9.69%),,,,,,,,
 صُنع منسوجات أخرى غير مصنّفة في موضع آخر,0,,1,high,حورس صلب ش.م.م (31.54%) | اللوتس بلاستيك ذ.م.م (18.56%) | النيل منسوجات ش.م.م (17.06%) | سيناء زراعة محدودة (6.64%) | الأهرام زراعة محدودة (6.64%),,,,,,,,
" صُنع مولِّدات البخار، باستثناء مراجل التدفئة المركزية بالمياه الساخنة",0,,1,high,الدلتا كيماويات ش.م.م (24.90%) | مصر صلب ش.م.م (21.02%) | مصر منسوجات ذ.م.م (19.51%) | الأهرام بلاستيك ش.ذ.م.م (8.94%) | حورس لوجستيات ش.ذ.م.م (8.58%),,,,,,,,
 صُنع وجبات وأطباق جاهزة,0,,0,,حورس خدمات محدودة (25.99%) | حورس لوجستيات ش.ذ.م.م (21.11%) | اللوتس زراعة ذ.م.م (19.15%) | اللوتس لوجستيات محدودة (14.91%) | الإسكندرية لوجستيات ش.م.م (8.18%),,,,,,,,
 غسيل المنسوجات ومنتجات الفراء وتنظيفها )الجاف(,0,,1,mid,الأهرام لوجستيات محدودة (12.93%) | الإسكندرية منسوجات محدودة (11.89%) | الإسكندرية بلاستيك ش.ذ.م.م (9.91%) | اللوتس صلب محدودة (8.87%) | الإسكندرية بلاستيك ذ.م.م (8.70%),,,,,,,,
 قطع وتشكيل وصقل الأحجار,0,,1,mid,الأهرام تجارة ش.ذ.م.م (25.93%) | مصر تجارة ش.م.م (24.38%) | الدلتا منسوجات ذ.م.م (15.47%) | الدلتا كيماويات ش.ذ.م.م (10.68%) | الجيزة صلب ش.م.م (10.00%),,,,,,,,
 مرافق تقديم الرعاية التمريضية مع الإقامة,0,,0,,الأهرام كيماويات ذ.م.م (10.10%) | الأهرام صلب ش.م.م (9.95%) | اللوتس خدمات ذ.م.م (8.93%) | حورس منسوجات ذ.م.م (7.67%) | سيناء بلاستيك محدودة (7.17%),,,,,,,,
 معالجة البذور للتكاثر,0,,1,mid,الجيزة خدمات ذ.م.م (18.86%) | القاهرة زراعة ذ.م.م (15.30%) | القاهرة أغذية محدودة (13.64%) | الجيزة منسوجات ش.م.م (10.13%) | مصر لوجستيات ش.ذ.م.م (6.07%),,,,,,,,
 معالجة النفايات الخطرة وتصريفها,0,,1,mid,حورس تجارة محدودة (33.37%) | الجيزة تجارة ش.م.م (24.05%) | مصر تجارة ش.ذ.م.م (17.41%) | الإسكندرية تقنية ذ.م.م (6.96%) | سيناء منسوجات ش.ذ.م.م (5.90%),,,,,,,,
 معالجة النفايات غير الخطرة وتصريفها,0,,1,high,اللوتس أغذية محدودة (21.75%) | حورس كيماويات ذ.م.م (20.26%) | الدلتا كيماويات ش.م.م (18.86%) | الجيزة زراعة ذ.م.م (14.79%) | القاهرة كيماويات ش.ذ.م.م (6.86%),,,,,,,,
 معالجة وطلي المعادن؛ المعالجة بالآلات,0,,1,mid,اللوتس تقنية ذ.م.م (25.54%) | الأهرام كيماويات محدودة (24.17%) | الأهرام منسوجات ش.ذ.م.م (20.73%) | الإسكندرية لوجستيات ش.م.م (14.75%) | سيناء أغذية ش.ذ.م.م (6.61%),,,,,,,,
 مناولة البضائع,1,mid,1,mid,سيناء صلب محدودة (17.64%) | الجيزة منسوجات محدودة (8.88%) | النيل زراعة ش.ذ.م.م (8.63%) | سيناء لوجستيات محدودة (8.50%) | مصر منسوجات ش.ذ.م.م (7.55%),,,,,,,,
 نسج المنسوجات,0,,1,mid,الإسكندرية زراعة ش.م.م (27.23%) | الدلتا صلب ش.ذ.م.م (23.32%) | سيناء بلاستيك ش.ذ.م.م (18.36%) | القاهرة بلاستيك ذ.م.م (18.03%) | حورس تقنية محدودة (5.99%),,,,,,,,
 نشر الأدلة وقوائم العناوين البريدية,1,high,0,,سيناء تجارة ذ.م.م (21.16%) | اللوتس بلاستيك ش.م.م (12.96%) | النيل كيماويات ش.ذ.م.م (8.95%) | اللوتس أغذية محدودة (7.35%) | الإسكندرية خدمات ذ.م.م (7.35%),,,,,,,,
 نشر الصُحف والمجلات والدوريات,1,mid,1,mid,مصر خدمات ذ.م.م (22.22%) | حورس تجارة ش.م.م (12.16%) | الإسكندرية صلب محدودة (10.47%) | اللوتس صلب ش.ذ.م.م (9.01%) | القاهرة خدمات محدودة (8.44%),,,,,,,,
 نشر الكُتب,0,,0,,اللوتس منسوجات ش.ذ.م.م (14.45%) | النيل تجارة ذ.م.م (12.27%) | الأهرام زراعة ش.م.م (10.58%) | القاهرة صلب ذ.م.م (7.77%) | حورس تجارة ش.م.م (7.37%),,,,,,,,
 نقل البضائع بالسكك الحديدية,0,,1,mid,الإسكندرية بلاستيك ش.ذ.م.م (15.98%) | الأهرام لوجستيات ش.م.م (8.56%) | اللوتس خدمات ذ.م.م (8.39%) | حورس تقنية محدودة (6.26%) | حورس تجارة محدودة (5.19%),,,,,,,,
 نقل الركاب بالسكك الحديدية فيما بين المدن,0,,0,,القاهرة كيماويات محدودة (13.51%) | الدلتا صلب ش.ذ.م.م (11.23%) | مصر تقنية محدودة (9.49%) | الإسكندرية لوجستيات ذ.م.م (8.22%) | سيناء منسوجات ش.ذ.م.م (8.08%),,,,,,,,
إصلاح المعدات الأخرى,0,,1,mid,الأهرام لوجستيات ش.ذ.م.م (33.67%) | الإسكندرية صلب ذ.م.م (22.34%) | حورس صلب ش.م.م (20.15%) | الإسكندرية لوجستيات محدودة (9.65%) | مصر خدمات ذ.م.م (5.78%),,,,,,,,
