sector_en,sector_ar,sector_code,division_ar,division_code,group_ar,group_code,class_en,class_ar,class_code
"Agriculture, forestry and fishing",الزراعة والحراجة وصيد الأسماك,A,,A0,,A01,"Growing of cereals (except rice), leguminous crops and oil seeds", زراعة الحبوب باستثناء الأرز( والمحاصيل البقولية والبذور الزيتية),A0111
"Agriculture, forestry and fishing",الزراعة والحراجة وصيد الأسماك,A,,A0,,A01,Growing of rice, زراعة الأرز,A0112
"Agriculture, forestry and fishing",الزراعة والحراجة وصيد الأسماك,A,,A0,,A01,"Growing of vegetables and melons, roots and tubers", زراعة الخضر والبطيخيات والجذور والدرنات,A0113
"Agriculture, forestry and fishing",الزراعة والحراجة وصيد الأسماك,A,,A0,,A01,Growing of sugar cane, زراعة قصب السكر,A0114
"Agriculture, forestry and fishing",الزراعة والحراجة وصيد الأسماك,A,,A0,,A01,Growing of tobacco, زراعة التبغ,A0115
"Agriculture, forestry and fishing",الزراعة والحراجة وصيد الأسماك,A,,A0,,A01,Growing of fibre crops, زراعة محاصيل الألياف,A0116
"Agriculture, forestry and fishing",الزراعة والحراجة وصيد الأسماك,A,,A0,,A01,Growing of other non-perennial crops, زراعة المحاصيل الأخرى غير الدائمة,A0119
"Agriculture, forestry and fishing",الزراعة والحراجة وصيد الأسماك,A,,A0,,A01,Growing of grapes, زراعة الأعناب,A0121
"Agriculture, forestry and fishing",الزراعة والحراجة وصيد الأسماك,A,,A0,,A01,Growing of tropical and subtropical fruits, زراعة الفواكه المدارية وشبه المدارية,A0122
"Agriculture, forestry and fishing",الزراعة والحراجة وصيد الأسماك,A,,A0,,A01,Growing of citrus fruits, زراعة الحمضيات (الموالح),A0123
"Agriculture, forestry and fishing",الزراعة والحراجة وصيد الأسماك,A,,A0,,A01,Growing of pome fruits and stone fruits, زراعة الثمار التفاحية والثمار ذات النواة,A0124
"Agriculture, forestry and fishing",الزراعة والحراجة وصيد الأسماك,A,,A0,,A01,Growing of other tree and bush fruits and nuts, زراعة أشجار وشجيرات الفاكهة الأخرى والجوزيات,A0125
"Agriculture, forestry and fishing",الزراعة والحراجة وصيد الأسماك,A,,A0,,A01,Growing of oleaginous fruits, زراعة الثمار الزيتية,A0126
"Agriculture, forestry and fishing",الزراعة والحراجة وصيد الأسماك,A,,A0,,A01,Growing of beverage crops, زراعة محاصيل المشروبات,A0127
"Agriculture, forestry and fishing",الزراعة والحراجة وصيد الأسماك,A,,A0,,A01,"Growing of spices, aromatic, drug and pharmaceutical crops", زراعة التوابل والمحاصيل العطرية ومحاصيل العقاقير والمحاصيل الصيدلانية,A0128
"Agriculture, forestry and fishing",الزراعة والحراجة وصيد الأسماك,A,,A0,,A01,Growing of other perennial crops, زراعة المحاصيل الدائمة الأخرى,A0129
"Agriculture, forestry and fishing",الزراعة والحراجة وصيد الأسماك,A,,A0,,A01,Plant propagation,  إكثار النباتات,A0130
"Agriculture, forestry and fishing",الزراعة والحراجة وصيد الأسماك,A,,A0,,A01,Raising of cattle and buffaloes, تربية الماشية والجاموس,A0141
"Agriculture, forestry and fishing",الزراعة والحراجة وصيد الأسماك,A,,A0,,A01,Raising of horses and other equines, تربية الخيول والحيوانات الخيلية الأخرى,A0142
"Agriculture, forestry and fishing",الزراعة والحراجة وصيد الأسماك,A,,A0,,A01,Raising of camels and camelids, تربية الجمال والحيوانات الجملية,A0143
"Agriculture, forestry and fishing",الزراعة والحراجة وصيد الأسماك,A,,A0,,A01,Raising of sheep and goats, تربية الضأن والماعز,A0144
"Agriculture, forestry and fishing",الزراعة والحراجة وصيد الأسماك,A,,A0,,A01,Raising of swine/pigs, تربية الخنازير,A0145
"Agriculture, forestry and fishing",الزراعة والحراجة وصيد الأسماك,A,,A0,,A01,Raising of poultry, تربية الدواجن,A0146
"Agriculture, forestry and fishing",الزراعة والحراجة وصيد الأسماك,A,,A0,,A01,Raising of other animals, تربية الحيوانات الأخرى,A0149
"Agriculture, forestry and fishing",الزراعة والحراجة وصيد الأسماك,A,,A0,,A01,Mixed farming,  الزراعة المختلطة,A0150
"Agriculture, forestry and fishing",الزراعة والحراجة وصيد الأسماك,A,,A0,,A01,Support activities for crop production, أنشطة الدعم لإنتاج المحاصيل,A0161
"Agriculture, forestry and fishing",الزراعة والحراجة وصيد الأسماك,A,,A0,,A01,Support activities for animal production, أنشطة الدعم للإنتاج الحيواني,A0162
"Agriculture, forestry and fishing",الزراعة والحراجة وصيد الأسماك,A,,A0,,A01,Post-harvest crop activities, أنشطة محاصيل بعد الحصاد,A0163
"Agriculture, forestry and fishing",الزراعة والحراجة وصيد الأسماك,A,,A0,,A01,Seed processing for propagation, معالجة البذور للتكاثر,A0164
"Agriculture, forestry and fishing",الزراعة والحراجة وصيد الأسماك,A,,A0,,A01,"Hunting, trapping and related service activities", الصيد والقنص وأنشطة الخدمات المتصلة,A0170
"Agriculture, forestry and fishing",الزراعة والحراجة وصيد الأسماك,A,,A0,,A02,Silviculture and other forestry activities,  زراعة الأحراج وأنشطة الحراجة الأخرى,A0210
"Agriculture, forestry and fishing",الزراعة والحراجة وصيد الأسماك,A,,A0,,A02,Logging,  قطع الأخشاب,A0220
"Agriculture, forestry and fishing",الزراعة والحراجة وصيد الأسماك,A,,A0,,A02,Gathering of non-wood forest products,  جمع منتجات الأحراج غير الخشبية,A0230
"Agriculture, forestry and fishing",الزراعة والحراجة وصيد الأسماك,A,,A0,,A02,Support services to forestry, خدمات الدعم للحراجة,A0240
"Agriculture, forestry and fishing",الزراعة والحراجة وصيد الأسماك,A,,A0,,A03,Marine fishing, صيد الأسماك البحرية,A0311
"Agriculture, forestry and fishing",الزراعة والحراجة وصيد الأسماك,A,,A0,,A03,Freshwater fishing, صيد أسماك المياه العذبة,A0312
"Agriculture, forestry and fishing",الزراعة والحراجة وصيد الأسماك,A,,A0,,A03,Marine aquaculture, تربية المائيات البحرية,A0321
"Agriculture, forestry and fishing",الزراعة والحراجة وصيد الأسماك,A,,A0,,A03,Freshwater aquaculture, تربية المائيات في المياه العذبة,A0322
Mining and quarrying,التعدين واستغلال المحاجر,B,,B0,,B05,Mining of hard coal,  تعدين الفحم القاسي (الأنفراثيت),B0510
Mining and quarrying,التعدين واستغلال المحاجر,B,,B0,,B05,Mining of lignite,  تعدين الليغنيت,B0520
Mining and quarrying,التعدين واستغلال المحاجر,B,,B0,,B06,Extraction of crude petroleum, استخراج النفط الخام,B0610
Mining and quarrying,التعدين واستغلال المحاجر,B,,B0,,B06,Extraction of natural gas,  استخراج الغاز الطبيعي,B0620
Mining and quarrying,التعدين واستغلال المحاجر,B,,B0,,B07,Mining of iron ores,  تعدين ركازات الحديد,B0710
Mining and quarrying,التعدين واستغلال المحاجر,B,,B0,,B07,Mining of uranium and thorium ores, تعدين ركازات اليورانيوم والثوريوم,B0721
Mining and quarrying,التعدين واستغلال المحاجر,B,,B0,,B07,Mining of other non-ferrous metal ores, تعدين ركازات الفلزات غير الحديدية الأخرى,B0729
Mining and quarrying,التعدين واستغلال المحاجر,B,,B0,,B08,"Quarrying of stone, sand and clay",  استغلال المحاجر لاستخراج الأحجار والرمال والطَفل,B0810
Mining and quarrying,التعدين واستغلال المحاجر,B,,B0,,B08,Mining of chemical and fertilizer minerals, تعدين المعادن الكيميائية ومعادن الأسمدة,B0891
Mining and quarrying,التعدين واستغلال المحاجر,B,,B0,,B08,Extraction of peat, استخراج الخث,B0892
Mining and quarrying,التعدين واستغلال المحاجر,B,,B0,,B08,Extraction of salt, استخراج الملح,B0893
Mining and quarrying,التعدين واستغلال المحاجر,B,,B0,,B08,Other mining and quarrying n.e.c., أنشطة التعدين واستغلال المحاجر غير المصنَّفة في موضع آخر,B0899
Mining and quarrying,التعدين واستغلال المحاجر,B,,B0,,B09,Support activities for petroleum and natural gas extraction,  أنشطة الدعم لاستخراج النفط والغاز الطبيعي,B0910
Mining and quarrying,التعدين واستغلال المحاجر,B,,B0,,B09,Support activities for other mining and quarrying,  أنشطة دعم الأعمال الأخرى للتعدين واستغلال المحاجر,B0990
Manufacturing,الصناعة التحويلية,C,,C1,,C10,Processing and preserving of meat, تجهيز وحفظ اللحوم,C1010
Manufacturing,الصناعة التحويلية,C,,C1,,C10,"Processing and preserving of fish, crustaceans and molluscs",  تجهيز وحفظ السمك والقشريات والرخويات,C1020
Manufacturing,الصناعة التحويلية,C,,C1,,C10,Processing and preserving of fruit and vegetables,  تجهيز وحفظ الفاكهة والخضر,C1030
Manufacturing,الصناعة التحويلية,C,,C1,,C10,Manufacture of vegetable and animal oils and fats,  صُنع الزيوت والدهون النباتية والحيوانية,C1040
Manufacturing,الصناعة التحويلية,C,,C1,,C10,Manufacture of dairy products, صُنع منتجات الألبان,C1050
Manufacturing,الصناعة التحويلية,C,,C1,,C10,Manufacture of grain mill products, صُنع منتجات طواحين الحبوب,C1061
Manufacturing,الصناعة التحويلية,C,,C1,,C10,Manufacture of starches and starch products, صُنع النشاء ومنتجات النشاء,C1062
Manufacturing,الصناعة التحويلية,C,,C1,,C10,Manufacture of bakery products, صُنع منتجات المخابز,C1071
Manufacturing,الصناعة التحويلية,C,,C1,,C10,Manufacture of sugar, صُنع السكر,C1072
Manufacturing,الصناعة التحويلية,C,,C1,,C10,"Manufacture of cocoa, chocolate and sugar confectionery", صُنع الكاكاو والشوكولاتة والحلويات السكرية,C1073
Manufacturing,الصناعة التحويلية,C,,C1,,C10,"Manufacture of macaroni, noodles, couscous and similar farinaceous products", صُنع المعكرونة وشرائط المعكرونة والكسكسي والمنتجات النشوية المماثلة,C1074
Manufacturing,الصناعة التحويلية,C,,C1,,C10,Manufacture of prepared meals and dishes, صُنع وجبات وأطباق جاهزة,C1075
Manufacturing,الصناعة التحويلية,C,,C1,,C10,Manufacture of other food products n.e.c., صُنع منتجات الأغذية الأخرى غير المصنَّفة في موضع آخر,C1079
Manufacturing,الصناعة التحويلية,C,,C1,,C10,Manufacture of prepared animal feeds,  صُنع الأعلاف الحيوانية المحضَّرة,C1080
Manufacturing,الصناعة التحويلية,C,,C1,,C11,"Distilling, rectifying and blending of spirits", تقطير المشروبات الروحية وتكريرها وخلطها,C1101
Manufacturing,الصناعة التحويلية,C,,C1,,C11,Manufacture of wines, صُنع الأنبذة,C1102
Manufacturing,الصناعة التحويلية,C,,C1,,C11,Manufacture of malt liquors and malt, صُنع المشروبات الكحولية من الشعير وصُنع مشروب الشعير,C1103
Manufacturing,الصناعة التحويلية,C,,C1,,C11,Manufacture of soft drinks; production of mineral waters and other bottled waters, صُنع المشروبات غير الكحولية؛ إنتاج المياه المعدنية والمياه الأخرى المعبأة في زجاجات,C1104
Manufacturing,الصناعة التحويلية,C,,C1,,C12,Manufacture of tobacco products,  صُنع منتجات التبغ,C1200
Manufacturing,الصناعة التحويلية,C,,C1,,C13,Preparation and spinning of textile fibres, تحضير وغزل ألياف المنسوجات,C1311
Manufacturing,الصناعة التحويلية,C,,C1,,C13,Weaving of textiles, نسج المنسوجات,C1312
Manufacturing,الصناعة التحويلية,C,,C1,,C13,Finishing of textiles, إتمام تجهيز المنسوجات,C1313
Manufacturing,الصناعة التحويلية,C,,C1,,C13,Manufacture of knitted and crocheted fabrics, صُنع الأقمشة المغزولة بصنارة (التريكو) وبإبرة معقوفة (الكروشيه),C1391
Manufacturing,الصناعة التحويلية,C,,C1,,C13,"Manufacture of made-up textile articles, except apparel", صُنع المنسوجات الجاهزة باستثناء الملبوسات,C1392
Manufacturing,الصناعة التحويلية,C,,C1,,C13,Manufacture of carpets and rugs, صُنع البُسط والسجاد,C1393
Manufacturing,الصناعة التحويلية,C,,C1,,C13,"Manufacture of cordage, rope, twine and netting", صُنع حبال السُفن والحبال من المجدولات القنبية والشباك,C1394
Manufacturing,الصناعة التحويلية,C,,C1,,C13,Manufacture of other textiles n.e.c., صُنع منسوجات أخرى غير مصنّفة في موضع آخر,C1399
Manufacturing,الصناعة التحويلية,C,,C1,,C14,"Manufacture of wearing apparel, except fur apparel",  صُنع الملبوسات باستثناء الملبوسات الفرائية,C1410
Manufacturing,الصناعة التحويلية,C,,C1,,C14,Manufacture of articles of fur,  صُنع أصناف الفراء,C1420
Manufacturing,الصناعة التحويلية,C,,C1,,C14,Manufacture of knitted and crocheted apparel,  صُنع الملبوسات من التريكو والكروشيه,C1430
Manufacturing,الصناعة التحويلية,C,,C1,,C15,Tanning and dressing of leather; dressing and dyeing of fur, دبغ وتهيئة الجلود؛ تهيئة وصبغ الفراء,C1511
Manufacturing,الصناعة التحويلية,C,,C1,,C15,"Manufacture of luggage, handbags and the like, saddlery and harness", صُنع حقائب الأمتعة وحقائب اليد وما شابهها، والسروج والأعنة,C1512
Manufacturing,الصناعة التحويلية,C,,C1,,C15,Manufacture of footwear,  صُنع الأحذية,C1520
Manufacturing,الصناعة التحويلية,C,,C1,,C16,Sawmilling and planing of wood,  نشر الخشب وسحجه,C1610
Manufacturing,الصناعة التحويلية,C,,C1,,C16,Manufacture of veneer sheets and wood-based panels, صُنع رقائق من قشرة الخشب والألواح المصنوعة من الخشب,C1621
Manufacturing,الصناعة التحويلية,C,,C1,,C16,Manufacture of builders' carpentry and joinery, صُنع منتجات ومشغولات النجارة اللازمة لعمال البناء,C1622
Manufacturing,الصناعة التحويلية,C,,C1,,C16,Manufacture of wooden containers, صُنع الأوعية الخشبية,C1623
Manufacturing,الصناعة التحويلية,C,,C1,,C16,"Manufacture of other products of wood; manufacture of articles of cork, straw and plaiting materials", صُنع منتجات خشبية أخرى، صُنع أصناف الفلِّين والقش ومواد الضفر,C1629
Manufacturing,الصناعة التحويلية,C,,C1,,C17,"Manufacture of pulp, paper and paperboard", صُنع اللُباب والورق والورق المقوى,C1701
Manufacturing,الصناعة التحويلية,C,,C1,,C17,Manufacture of corrugated paper and paperboard and of containers of paper and paperboard, صُنع الورق المموَّج والورق المقوى والأوعية المصنوعة من الورق والورق المقوى,C1702
Manufacturing,الصناعة التحويلية,C,,C1,,C17,Manufacture of other articles of paper and paperboard, صُنع أصناف أخرى من الورق والورق المقوى,C1709
Manufacturing,الصناعة التحويلية,C,,C1,,C18,Printing, الطباعة,C1811
Manufacturing,الصناعة التحويلية,C,,C1,,C18,Service activities related to printing, أنشطة الخدمات المتصلة بالطباعة,C1812
Manufacturing,الصناعة التحويلية,C,,C1,,C18,Reproduction of recorded media,  استنساخ وسائط الإعلام المسجَّلة,C1820
Manufacturing,الصناعة التحويلية,C,,C1,,C19,Manufacture of coke oven products,  صُنع منتجات أفران الكوك,C1910
Manufacturing,الصناعة التحويلية,C,,C1,,C19,Manufacture of refined petroleum products,  صُنع المنتجات النفطية المكررة,C1920
Manufacturing,الصناعة التحويلية,C,,C2,,C20,Manufacture of basic chemicals, صُنع المواد الكيميائية الأساسية,C2011
Manufacturing,الصناعة التحويلية,C,,C2,,C20,Manufacture of fertilizers and nitrogen compounds, صُنع الأسمدة والمركبات الأزوتية,C2012
Manufacturing,الصناعة التحويلية,C,,C2,,C20,Manufacture of plastics and synthetic rubber in primary forms, صُنع اللدائن والمطاط التركيبي في أشكالها الأوَّلية,C2013
Manufacturing,الصناعة التحويلية,C,,C2,,C20,Manufacture of pesticides and other agrochemical products, صُنع مبيدات الآفات والمنتجات الكيميائية الزراعية الأخرى,C2021
Manufacturing,الصناعة التحويلية,C,,C2,,C20,"Manufacture of paints, varnishes and similar coatings, printing ink and mastics", صُنع الدهانات والورنيشات والطلاءات المماثلة، وأحبار الطباعة والمعاجين المستكية,C2022
Manufacturing,الصناعة التحويلية,C,,C2,,C20,"Manufacture of soap and detergents, cleaning and polishing preparations, perfumes and toilet preparations", صُنع الصابون والمنظفات، ومستحضرات التنظيف والتلميع، العطور ومستحضرات التجميل,C2023
Manufacturing,الصناعة التحويلية,C,,C2,,C20,Manufacture of other chemical products n.e.c., صُنع المنتجات الكيميائية الأخرى غير المصنّفة في موضع آخر,C2029
Manufacturing,الصناعة التحويلية,C,,C2,,C20,Manufacture of man-made fibres, صُنع الألياف الاصطناعية,C2030
Manufacturing,الصناعة التحويلية,C,,C2,,C21,"Manufacture of pharmaceuticals, medicinal chemical and botanical products",  صُنع المواد الصيدلانية والمنتجات الدوائية الكيميائية والنباتية,C2100
Manufacturing,الصناعة التحويلية,C,,C2,,C22,Manufacture of rubber tyres and tubes; retreading and rebuilding of rubber tyres, صُنع الإطارات والأنابيب المطاطية؛ وتجديد الأسطح الخارجية للإطارات المطاطية وإعادة بنائها,C2211
Manufacturing,الصناعة التحويلية,C,,C2,,C22,Manufacture of other rubber products, صُنع المنتجات المطاطية الأخرى,C2219
Manufacturing,الصناعة التحويلية,C,,C2,,C22,Manufacture of plastics products, صُنع المنتجات اللدائنية,C2220
Manufacturing,الصناعة التحويلية,C,,C2,,C23,Manufacture of glass and glass products,  صُنع الزجاج والمنتجات الزجاجية,C2310
Manufacturing,الصناعة التحويلية,C,,C2,,C23,Manufacture of refractory products, صُنع المنتجات الحرارية,C2391
Manufacturing,الصناعة التحويلية,C,,C2,,C23,Manufacture of clay building materials, صُنع المنتجات الطفلية الإنشائية,C2392
Manufacturing,الصناعة التحويلية,C,,C2,,C23,Manufacture of other porcelain and ceramic products, صُنع المنتجات الأخرى من البورسلين والخزف,C2393
Manufacturing,الصناعة التحويلية,C,,C2,,C23,"Manufacture of cement, lime and plaster", صُنع الأسمنت ومنتجات صُلب نصف جاهزة,C2394
Manufacturing,الصناعة التحويلية,C,,C2,,C23,"Manufacture of articles of concrete, cement and plaster", صُنع أصناف من الخرسانة والأسمنت والجص,C2395
Manufacturing,الصناعة التحويلية,C,,C2,,C23,"Cutting, shaping and finishing of stone", قطع وتشكيل وصقل الأحجار,C2396
Manufacturing,الصناعة التحويلية,C,,C2,,C23,Manufacture of other non-metallic mineral products n.e.c., صُنع المنتجات المعدنية اللافلزية الأخرى غير المصنّفة في موضع آخر,C2399
Manufacturing,الصناعة التحويلية,C,,C2,,C24,Manufacture of basic iron and steel,  صُنع الحديد القاعدي والصلب,C2410
Manufacturing,الصناعة التحويلية,C,,C2,,C24,Manufacture of basic precious and other non-ferrous metals,  صُنع الفلزّات الثمينة وغير الحديدية القاعدية,C2420
Manufacturing,الصناعة التحويلية,C,,C2,,C24,Casting of iron and steel, سبك الحديد والصلب,C2431
Manufacturing,الصناعة التحويلية,C,,C2,,C24,Casting of non-ferrous metals, سبك المعادن غير الحديدية,C2432
Manufacturing,الصناعة التحويلية,C,,C2,,C25,Manufacture of structural metal products, صُنع المنتجات المعدنية الإنشائية,C2511
Manufacturing,الصناعة التحويلية,C,,C2,,C25,"Manufacture of tanks, reservoirs and containers of metal", صُنع الصهاريج والخزانات والأوعية من المعادن,C2512
Manufacturing,الصناعة التحويلية,C,,C2,,C25,"Manufacture of steam generators, except central heating hot water boilers", صُنع مولِّدات البخار، باستثناء مراجل التدفئة المركزية بالمياه الساخنة,C2513
Manufacturing,الصناعة التحويلية,C,,C2,,C25,Manufacture of weapons and ammunition, صُنع الأسلحة والذخائر,C2520
Manufacturing,الصناعة التحويلية,C,,C2,,C25,"Forging, pressing, stamping and roll-forming of metal; powder metallurgy", تشكيل المعادن بالطرق والكبس والسبك والدلفنة؛ ميتالورجيا المساحيق,C2591
Manufacturing,الصناعة التحويلية,C,,C2,,C25,Treatment and coating of metals; machining, معالجة وطلي المعادن؛ المعالجة بالآلات,C2592
Manufacturing,الصناعة التحويلية,C,,C2,,C25,"Manufacture of cutlery, hand tools and general hardware", صُنع أدوات القطع والعُدد اليدوية والأدوات المعدنية العامة,C2593
Manufacturing,الصناعة التحويلية,C,,C2,,C25,Manufacture of other fabricated metal products n.e.c., صُنع منتجات المعادن المشكَّلة الأخرى غير المصنّفة في موضع آخر,C2599
Manufacturing,الصناعة التحويلية,C,,C2,,C26,Manufacture of electronic components and boards,  صُنع المكونات واللوحات الإلكترونية,C2610
Manufacturing,الصناعة التحويلية,C,,C2,,C26,Manufacture of computers and peripheral equipment,  صُنع الحواسيب والمعدات الملحقة,C2620
Manufacturing,الصناعة التحويلية,C,,C2,,C26,Manufacture of communication equipment,  صُنع معدات الاتصالات,C2630
Manufacturing,الصناعة التحويلية,C,,C2,,C26,Manufacture of consumer electronics, صُنع الإلكترونيات الاستهلاكية,C2640
Manufacturing,الصناعة التحويلية,C,,C2,,C26,"Manufacture of measuring, testing, navigating and control equipment", صُنع معدات القياس والاختبار والملاحة والتحكُّم,C2651
Manufacturing,الصناعة التحويلية,C,,C2,,C26,Manufacture of watches and clocks, صُنع الساعات بأنواعها )وآليات تحديد التوقيتات(,C2652
Manufacturing,الصناعة التحويلية,C,,C2,,C26,"Manufacture of irradiation, electromedical and electrotherapeutic equipment",  صُنع معدات التشعيع والمعدات الكهربائية الطبية والعلاجية,C2660
Manufacturing,الصناعة التحويلية,C,,C2,,C26,Manufacture of optical instruments and photographic equipment,  صُنع الأدوات البصرية ومعدات التصوير الفوتوغرافي,C2670
Manufacturing,الصناعة التحويلية,C,,C2,,C26,Manufacture of magnetic and optical media,  صُنع الوسائط المغناطيسية والبصرية,C2680
Manufacturing,الصناعة التحويلية,C,,C2,,C27,"Manufacture of electric motors, generators, transformers and electricity distribution and control apparatus",  صُنع المحركات والمولِّدات والمحولات الكهربائية وأجهزة توزيع الكهرباء والتحكُّم فيها,C2710
Manufacturing,الصناعة التحويلية,C,,C2,,C27,Manufacture of batteries and accumulators, صُنع البطاريات والمراكم,C2720
Manufacturing,الصناعة التحويلية,C,,C2,,C27,Manufacture of fibre optic cables, صُنع كابلات الألياف البصرية,C2731
Manufacturing,الصناعة التحويلية,C,,C2,,C27,Manufacture of other electronic and electric wires and cables, صُنع الأسلاك والكابلات الإلكترونية والكهربائية الأخرى,C2732
Manufacturing,الصناعة التحويلية,C,,C2,,C27,Manufacture of wiring devices, صُنع أجهزة الأسلاك,C2733
Manufacturing,الصناعة التحويلية,C,,C2,,C27,Manufacture of electric lighting equipment,  صُنع معدات الإضاءة الكهربائية,C2740
Manufacturing,الصناعة التحويلية,C,,C2,,C27,Manufacture of domestic appliances, صُنع الأجهزة الكهربائية المنزلية,C2750
Manufacturing,الصناعة التحويلية,C,,C2,,C27,Manufacture of other electrical equipment,  صُنع المعدات الكهربائية الأخرى,C2790
Manufacturing,الصناعة التحويلية,C,,C2,,C28,"Manufacture of engines and turbines, except aircraft, vehicle and cycle engines", صُنع المحرّكات والتوربينات، باستثناء محرّكات الطائرات والسيارات والدرّاجات النارية,C2811
Manufacturing,الصناعة التحويلية,C,,C2,,C28,Manufacture of fluid power equipment, صُنع معدات تعمل بطاقة الموائع,C2812
Manufacturing,الصناعة التحويلية,C,,C2,,C28,"Manufacture of other pumps, compressors, taps and valves", صُنع المضخات والضواغط والصنابير والصمامات الأخرى,C2813
Manufacturing,الصناعة التحويلية,C,,C2,,C28,"Manufacture of bearings, gears, gearing and driving elements", صُنع المحامل والتروس وعناصر أجهزة التعشيق ونقل الحركة,C2814
Manufacturing,الصناعة التحويلية,C,,C2,,C28,"Manufacture of ovens, furnaces and furnace burners", صُنع الأفران وأفران الصهر ومواقد أفران الصهر,C2815
Manufacturing,الصناعة التحويلية,C,,C2,,C28,Manufacture of lifting and handling equipment, صُنع معدات الرفع والمناولة,C2816
Manufacturing,الصناعة التحويلية,C,,C2,,C28,Manufacture of office machinery and equipment (except computers and peripheral equipment), صُنع الآلات والمعدات المكتبية )باستثناء الحواسيب والمعدات الملحقة بها(,C2817
Manufacturing,الصناعة التحويلية,C,,C2,,C28,Manufacture of power-driven hand tools, صُنع العُدد اليدوية التي تعمل بالطاقة,C2818
Manufacturing,الصناعة التحويلية,C,,C2,,C28,Manufacture of other general-purpose machinery, صُنع الآلات الأخرى متعددة الأغراض,C2819
Manufacturing,الصناعة التحويلية,C,,C2,,C28,Manufacture of agricultural and forestry machinery, صناعة الآلات الزراعية وآلات الحراجة,C2821
Manufacturing,الصناعة التحويلية,C,,C2,,C28,Manufacture of metal-forming machinery and machine tools, صُنع آلات تشكيل المعادن والعدد الآلية,C2822
Manufacturing,الصناعة التحويلية,C,,C2,,C28,Manufacture of machinery for metallurgy, صُنع آلات تستعمل في الميتالورجيا,C2823
Manufacturing,الصناعة التحويلية,C,,C2,,C28,"Manufacture of machinery for mining, quarrying and construction", صُنع آلات لعمليات التعدين واستغلال المحاجر والتشييد,C2824
Manufacturing,الصناعة التحويلية,C,,C2,,C28,"Manufacture of machinery for food, beverage and tobacco processing", صُنع آلات تجهيز الأغذية والمشروبات والتبغ,C2825
Manufacturing,الصناعة التحويلية,C,,C2,,C28,"Manufacture of machinery for textile, apparel and leather production", صُنع آلات إنتاج المنسوجات والملبوسات والجلود,C2826
Manufacturing,الصناعة التحويلية,C,,C2,,C28,Manufacture of other special-purpose machinery, صُنع آلات أخرى لأغراض خاصة,C2829
Manufacturing,الصناعة التحويلية,C,,C2,,C29,Manufacture of motor vehicles,  صُنع المركبات ذات المحركات,C2910
Manufacturing,الصناعة التحويلية,C,,C2,,C29,Manufacture of bodies (coachwork) for motor vehicles; manufacture of trailers and semi-trailers,  صُناعة هياكل (أعمال تجهيز العربات) للمركبات ذات المحرّكات؛ صُنع المركبات المقطورة والمركبات نصف المقطورة,C2920
Manufacturing,الصناعة التحويلية,C,,C2,,C29,Manufacture of parts and accessories for motor vehicles, صُنع أجزاء وتوابع ومحرّكات المركبات ذات المحرّكات,C2930
Manufacturing,الصناعة التحويلية,C,,C3,,C30,Building of ships and floating structures, بناء السفن والمنشآت العائمة,C3011
Manufacturing,الصناعة التحويلية,C,,C3,,C30,Building of pleasure and sporting boats, بناء قوارب النزهة والرياضة,C3012
Manufacturing,الصناعة التحويلية,C,,C3,,C30,Manufacture of railway locomotives and rolling stock,  صُنع قاطرات (جرّارات) وعربات السكك الحديدية,C3020
Manufacturing,الصناعة التحويلية,C,,C3,,C30,Manufacture of air and spacecraft and related machinery,  صُنع المركبات الجوية والفضائية والآلات المتصلة بها,C3030
Manufacturing,الصناعة التحويلية,C,,C3,,C30,Manufacture of military fighting vehicles,  صُنع مركبات القتال العسكرية,C3040
Manufacturing,الصناعة التحويلية,C,,C3,,C30,Manufacture of motorcycles, صُنع الدرّاجات النارية,C3091
Manufacturing,الصناعة التحويلية,C,,C3,,C30,Manufacture of bicycles and invalid carriages, صُنع الدرّاجات العادية والكراسي المتحركة,C3092
Manufacturing,الصناعة التحويلية,C,,C3,,C30,Manufacture of other transport equipment n.e.c., صُنع معدات النقل الأخرى غير المصنّفة في موضع آخر,C3099
Manufacturing,الصناعة التحويلية,C,,C3,,C31,Manufacture of furniture,  صُنع الأثاث,C3100
Manufacturing,الصناعة التحويلية,C,,C3,,C32,Manufacture of jewellery and related articles, صُنع المجوهرات والأصناف المتصلة,C3211
Manufacturing,الصناعة التحويلية,C,,C3,,C32,Manufacture of imitation jewellery and related articles, صُنع المجوهرات المقلَّدة والأصناف ذات الصلة,C3212
Manufacturing,الصناعة التحويلية,C,,C3,,C32,Manufacture of musical instruments,  صُنع الآلات الموسيقية,C3220
Manufacturing,الصناعة التحويلية,C,,C3,,C32,Manufacture of sports goods,  صُنع أدوات الرياضة,C3230
Manufacturing,الصناعة التحويلية,C,,C3,,C32,Manufacture of games and toys,  صُنع الألعاب واللعب,C3240
Manufacturing,الصناعة التحويلية,C,,C3,,C32,Manufacture of medical and dental instruments and supplies, صُنع الأدوات والمستلزمات الطبية والتي تستخدم في علاج الأسنان,C3250
Manufacturing,الصناعة التحويلية,C,,C3,,C32,Other manufacturing n.e.c., صُنع منتجات أخرى غير مصنّفة في موضع آخر,C3290
Manufacturing,الصناعة التحويلية,C,,C3,,C33,Repair of fabricated metal products, إصلاح منتجات المعادن المشكَّلة,C3311
Manufacturing,الصناعة التحويلية,C,,C3,,C33,Repair of machinery, إصلاح الآلات,C3312
Manufacturing,الصناعة التحويلية,C,,C3,,C33,Repair of electronic and optical equipment, إصلاح المعدات الإلكترونية والبصرية,C3313
Manufacturing,الصناعة التحويلية,C,,C3,,C33,Repair of electrical equipment, إصلاح المعدات الكهربائية,C3314
Manufacturing,الصناعة التحويلية,C,,C3,,C33,"Repair of transport equipment, except motor vehicles", إصلاح معدات النقل فيما عدا المركبات ذات المحركات,C3315
Manufacturing,الصناعة التحويلية,C,,C3,,C33,Repair of other equipment,إصلاح المعدات الأخرى,C3319
Manufacturing,الصناعة التحويلية,C,,C3,,C33,Installation of industrial machinery and equipment,  تركيب الآلات والمعدات الصناعية,C3320
"Electricity, gas, steam and air conditioning supply",إمدادات الكهرباء والغاز والبخار وتكييف الهواء,D,,D3,,D35,"Electric power generation, transmission and distribution", توليد الطاقة الكهربائية ونقلها وتوزيعها,D3510
"Electricity, gas, steam and air conditioning supply",إمدادات الكهرباء والغاز والبخار وتكييف الهواء,D,,D3,,D35,Manufacture of gas; distribution of gaseous fuels through mains,  صُنع غاز الاستصباح، وتوزيع أنواع الوقود الغازية عن طريق أنابيب رئيسية,D3520
"Electricity, gas, steam and air conditioning supply",إمدادات الكهرباء والغاز والبخار وتكييف الهواء,D,,D3,,D35,Steam and air conditioning supply, توصيل الوقود البخاري وتكييف الهواء,D3530
"Water supply; sewerage, waste management and remediation activities",إمدادات المياه؛ الصرف الصحي وإدارة النفايات ومعالجتها,E,,E3,,E36,"Water collection, treatment and supply",  تجميع المياه ومعالجتها وتوصيلها,E3600
"Water supply; sewerage, waste management and remediation activities",إمدادات المياه؛ الصرف الصحي وإدارة النفايات ومعالجتها,E,,E3,,E37,Sewerage,  الصرف الصحي,E3700
"Water supply; sewerage, waste management and remediation activities",إمدادات المياه؛ الصرف الصحي وإدارة النفايات ومعالجتها,E,,E3,,E38,Collection of non-hazardous waste, جمع النفايات غير الخطرة,E3811
"Water supply; sewerage, waste management and remediation activities",إمدادات المياه؛ الصرف الصحي وإدارة النفايات ومعالجتها,E,,E3,,E38,Collection of hazardous waste, جمع النفايات الخطرة,E3812
"Water supply; sewerage, waste management and remediation activities",إمدادات المياه؛ الصرف الصحي وإدارة النفايات ومعالجتها,E,,E3,,E38,Treatment and disposal of non-hazardous waste, معالجة النفايات غير الخطرة وتصريفها,E3821
"Water supply; sewerage, waste management and remediation activities",إمدادات المياه؛ الصرف الصحي وإدارة النفايات ومعالجتها,E,,E3,,E38,Treatment and disposal of hazardous waste, معالجة النفايات الخطرة وتصريفها,E3822
"Water supply; sewerage, waste management and remediation activities",إمدادات المياه؛ الصرف الصحي وإدارة النفايات ومعالجتها,E,,E3,,E38,Materials recovery, استرجاع المواد,E3830
"Water supply; sewerage, waste management and remediation activities",إمدادات المياه؛ الصرف الصحي وإدارة النفايات ومعالجتها,E,,E3,,E39,Remediation activities and other waste management services,  أنشطة المعالجة وخدمات إدارة النفايات الأخرى,E3900
Construction,التشييد والبناء,F,,F4,,F41,Construction of buildings,  تشييد المباني,F4100
Construction,التشييد والبناء,F,,F4,,F42,Construction of roads and railways,  تشييد الطرق والسكك الحديد,F4210
Construction,التشييد والبناء,F,,F4,,F42,Construction of utility projects,  تشييد مشاريع الخاصة بالمنافع,F4220
Construction,التشييد والبناء,F,,F4,,F42,Construction of other civil engineering projects,  أعمال التشييد المتعلقة بمشاريع الهندسة المدنية الأخرى,F4290
Construction,التشييد والبناء,F,,F4,,F43,Demolition, الهدم,F4311
Construction,التشييد والبناء,F,,F4,,F43,Site preparation, تحضير الموقع,F4312
Construction,التشييد والبناء,F,,F4,,F43,Electrical installation, التركيبات الكهربائية,F4321
Construction,التشييد والبناء,F,,F4,,F43,"Plumbing, heat and air-conditioning installation", أعمال السباكة والتدفئة وتكييف الهواء,F4322
Construction,التشييد والبناء,F,,F4,,F43,Other construction installation, تركيبات إنشائية أخرى,F4329
Construction,التشييد والبناء,F,,F4,,F43,Building completion and finishing,  إكمال المباني وتشطيبها,F4330
Construction,التشييد والبناء,F,,F4,,F43,Other specialized construction activities,  أنشطة التشييد المتخصصة الأخرى,F4390
Wholesale and retail trade; repair of motor vehicles and motorcycles,تجارة الجملة والتجزئة؛ إصلاح المركبات ذات المحركات والدراجات النارية,G,,G4,,G45,Sale of motor vehicles,  بيع المركبات ذات المحركات,G4510
Wholesale and retail trade; repair of motor vehicles and motorcycles,تجارة الجملة والتجزئة؛ إصلاح المركبات ذات المحركات والدراجات النارية,G,,G4,,G45,Maintenance and repair of motor vehicles,  صيانة وإصلاح المركبات ذات المحركات,G4520
Wholesale and retail trade; repair of motor vehicles and motorcycles,تجارة الجملة والتجزئة؛ إصلاح المركبات ذات المحركات والدراجات النارية,G,,G4,,G45,Sale of motor vehicle parts and accessories, بيع قطع غيار المركبات ذات المحركات وملحقاتها,G4530
Wholesale and retail trade; repair of motor vehicles and motorcycles,تجارة الجملة والتجزئة؛ إصلاح المركبات ذات المحركات والدراجات النارية,G,,G4,,G45,"Sale, maintenance and repair of motorcycles and related parts and accessories",  بيع وصيانة وإصلاح الدراجات النارية وقطع غيارها وملحقاتها,G4540
Wholesale and retail trade; repair of motor vehicles and motorcycles,تجارة الجملة والتجزئة؛ إصلاح المركبات ذات المحركات والدراجات النارية,G,,G4,,G46,Wholesale on a fee or contract basis,  البيع بالجملة نظير رسم أو على أساس عقد,G4610
Wholesale and retail trade; repair of motor vehicles and motorcycles,تجارة الجملة والتجزئة؛ إصلاح المركبات ذات المحركات والدراجات النارية,G,,G4,,G46,Wholesale of agricultural raw materials and live animals,  تجارة المواد الخام الزراعية والحيوانات الحية بالجملة,G4620
Wholesale and retail trade; repair of motor vehicles and motorcycles,تجارة الجملة والتجزئة؛ إصلاح المركبات ذات المحركات والدراجات النارية,G,,G4,,G46,"Wholesale of food, beverages and tobacco",  بيع الأغذية والمشروبات والتبغ بالجملة,G4630
Wholesale and retail trade; repair of motor vehicles and motorcycles,تجارة الجملة والتجزئة؛ إصلاح المركبات ذات المحركات والدراجات النارية,G,,G4,,G46,"Wholesale of textiles, clothing and footwear", بيع المنسوجات والملبوسات والأحذية بالجملة,G4641
Wholesale and retail trade; repair of motor vehicles and motorcycles,تجارة الجملة والتجزئة؛ إصلاح المركبات ذات المحركات والدراجات النارية,G,,G4,,G46,Wholesale of other household goods, بيع السلع المنزلية الأخرى بالجملة,G4649
Wholesale and retail trade; repair of motor vehicles and motorcycles,تجارة الجملة والتجزئة؛ إصلاح المركبات ذات المحركات والدراجات النارية,G,,G4,,G46,"Wholesale of computers, computer peripheral equipment and software", بيع الحواسيب والمعدات الطرفية للحواسيب والبرمجيات بالجملة,G4651
Wholesale and retail trade; repair of motor vehicles and motorcycles,تجارة الجملة والتجزئة؛ إصلاح المركبات ذات المحركات والدراجات النارية,G,,G4,,G46,Wholesale of electronic and telecommunications equipment and parts, بيع المعدات الإلكترونية ومعدات الاتصالات وقطع غيارها بالجملة,G4652
Wholesale and retail trade; repair of motor vehicles and motorcycles,تجارة الجملة والتجزئة؛ إصلاح المركبات ذات المحركات والدراجات النارية,G,,G4,,G46,"Wholesale of agricultural machinery, equipment and supplies", بيع الآلات والمعدات واللوازم الزراعية بالجملة,G4653
Wholesale and retail trade; repair of motor vehicles and motorcycles,تجارة الجملة والتجزئة؛ إصلاح المركبات ذات المحركات والدراجات النارية,G,,G4,,G46,Wholesale of other machinery and equipment, بيع الآلات والمعدات الأخرى بالجملة,G4659
Wholesale and retail trade; repair of motor vehicles and motorcycles,تجارة الجملة والتجزئة؛ إصلاح المركبات ذات المحركات والدراجات النارية,G,,G4,,G46,"Wholesale of solid, liquid and gaseous fuels and related products", بيع أنواع الوقود الصلبة والسائلة والغازية وما يتصل بها من منتجات بالجملة,G4661
Wholesale and retail trade; repair of motor vehicles and motorcycles,تجارة الجملة والتجزئة؛ إصلاح المركبات ذات المحركات والدراجات النارية,G,,G4,,G46,Wholesale of metals and metal ores, بيع المعادن وركازات المعادن بالجملة,G4662
Wholesale and retail trade; repair of motor vehicles and motorcycles,تجارة الجملة والتجزئة؛ إصلاح المركبات ذات المحركات والدراجات النارية,G,,G4,,G46,"Wholesale of construction materials, hardware, plumbing and heating equipment and supplies", بيع مواد البناء والمواد الإنشائية المعدنية ومعدات السباكة والتدفئة ولوازمها بالجملة,G4663
Wholesale and retail trade; repair of motor vehicles and motorcycles,تجارة الجملة والتجزئة؛ إصلاح المركبات ذات المحركات والدراجات النارية,G,,G4,,G46,Wholesale of waste and scrap and other products n.e.c., بيع النفايات والخردة وغير ذلك من المنتجات غير المصنّفة في موضع آخر بالجملة,G4669
Wholesale and retail trade; repair of motor vehicles and motorcycles,تجارة الجملة والتجزئة؛ إصلاح المركبات ذات المحركات والدراجات النارية,G,,G4,,G46,Non-specialized wholesale trade,  تجارة الجملة غير المتخصصة,G4690
Wholesale and retail trade; repair of motor vehicles and motorcycles,تجارة الجملة والتجزئة؛ إصلاح المركبات ذات المحركات والدراجات النارية,G,,G4,,G47,"Retail sale in non-specialized stores with food, beverages or tobacco predominating", البيع بالتجزئة في المتاجر غير المتخصصة التي تبيع الأطعمة والمشروبات والتبغ أساساً,G4711
Wholesale and retail trade; repair of motor vehicles and motorcycles,تجارة الجملة والتجزئة؛ إصلاح المركبات ذات المحركات والدراجات النارية,G,,G4,,G47,Other retail sale in non-specialized stores, أنواع البيع الأخرى بالتجزئة في المتاجر غير المتخصصة,G4719
Wholesale and retail trade; repair of motor vehicles and motorcycles,تجارة الجملة والتجزئة؛ إصلاح المركبات ذات المحركات والدراجات النارية,G,,G4,,G47,Retail sale of food in specialized stores, بيع الأغذية بالتجزئة في المتاجر المتخصصة,G4721
Wholesale and retail trade; repair of motor vehicles and motorcycles,تجارة الجملة والتجزئة؛ إصلاح المركبات ذات المحركات والدراجات النارية,G,,G4,,G47,Retail sale of beverages in specialized stores, بيع المشروبات بالتجزئة في المتاجر المتخصصة,G4722
Wholesale and retail trade; repair of motor vehicles and motorcycles,تجارة الجملة والتجزئة؛ إصلاح المركبات ذات المحركات والدراجات النارية,G,,G4,,G47,Retail sale of tobacco products in specialized stores, بيع منتجات التبغ بالتجزئة في المتاجر المتخصصة,G4723
Wholesale and retail trade; repair of motor vehicles and motorcycles,تجارة الجملة والتجزئة؛ إصلاح المركبات ذات المحركات والدراجات النارية,G,,G4,,G47,Retail sale of automotive fuel in specialized stores,  بيع وقود السيارات بالتجزئة في المتاجر المتخصصة,G4730
Wholesale and retail trade; repair of motor vehicles and motorcycles,تجارة الجملة والتجزئة؛ إصلاح المركبات ذات المحركات والدراجات النارية,G,,G4,,G47,"Retail sale of computers, peripheral units, software and telecommunications equipment in specialized stores", بيع الحواسيب والمعدات الطرفية للحواسيب، والبرمجيات، ومعدات الاتصالات بالتجزئة في المتاجر المتخصصة,G4741
Wholesale and retail trade; repair of motor vehicles and motorcycles,تجارة الجملة والتجزئة؛ إصلاح المركبات ذات المحركات والدراجات النارية,G,,G4,,G47,Retail sale of audio and video equipment in specialized stores, البيع بالتجزئة للمعدات السمعية والبصرية في المتاجر المتخصصة,G4742
Wholesale and retail trade; repair of motor vehicles and motorcycles,تجارة الجملة والتجزئة؛ إصلاح المركبات ذات المحركات والدراجات النارية,G,,G4,,G47,Retail sale of textiles in specialized stores, بيع المنسوجات بالتجزئة في المتاجر المتخصصة,G4751
Wholesale and retail trade; repair of motor vehicles and motorcycles,تجارة الجملة والتجزئة؛ إصلاح المركبات ذات المحركات والدراجات النارية,G,,G4,,G47,"Retail sale of hardware, paints and glass in specialized stores", بيع الأدوات المعدنية والطلاء والزجاج بالتجزئة في المتاجر المتخصصة,G4752
Wholesale and retail trade; repair of motor vehicles and motorcycles,تجارة الجملة والتجزئة؛ إصلاح المركبات ذات المحركات والدراجات النارية,G,,G4,,G47,"Retail sale of carpets, rugs, wall and floor coverings in specialized stores", بيع السجاد والبُسط وكسوة الأرضيات والحوائط بالتجزئة في المحلات المتخصصة,G4753
Wholesale and retail trade; repair of motor vehicles and motorcycles,تجارة الجملة والتجزئة؛ إصلاح المركبات ذات المحركات والدراجات النارية,G,,G4,,G47,"Retail sale of electrical household appliances, furniture, lighting equipment and other household articles in specialized stores", البيع بالتجزئة للأجهزة الكهربائية المنزلية والأثاث ومعدات الإضاءة وغيرها من الأصناف المنزلية في المتاجر المتخصصة,G4759
Wholesale and retail trade; repair of motor vehicles and motorcycles,تجارة الجملة والتجزئة؛ إصلاح المركبات ذات المحركات والدراجات النارية,G,,G4,,G47,"Retail sale of books, newspapers and stationary in specialized stores", بيع الكتب والصحف والأدوات الكتابية بالتجزئة في المتاجر المتخصصة,G4761
Wholesale and retail trade; repair of motor vehicles and motorcycles,تجارة الجملة والتجزئة؛ إصلاح المركبات ذات المحركات والدراجات النارية,G,,G4,,G47,Retail sale of music and video recordings in specialized stores, بيع التسجيلات الموسيقية وتسجيلات الفيديو بالتجزئة في المتاجر المتخصصة,G4762
Wholesale and retail trade; repair of motor vehicles and motorcycles,تجارة الجملة والتجزئة؛ إصلاح المركبات ذات المحركات والدراجات النارية,G,,G4,,G47,Retail sale of sporting equipment in specialized stores, بيع الأدوات الرياضية بالتجزئة في المتاجر المتخصصة,G4763
Wholesale and retail trade; repair of motor vehicles and motorcycles,تجارة الجملة والتجزئة؛ إصلاح المركبات ذات المحركات والدراجات النارية,G,,G4,,G47,Retail sale of games and toys in specialized stores, بيع الألعاب والّلعب بالتجزئة في المتاجر المتخصصة,G4764
Wholesale and retail trade; repair of motor vehicles and motorcycles,تجارة الجملة والتجزئة؛ إصلاح المركبات ذات المحركات والدراجات النارية,G,,G4,,G47,"Retail sale of clothing, footwear and leather articles in specialized stores", بيع الملبوسات والأحذية والأصناف الجلدية بالتجزئة في المتاجر المتخصصة,G4771
Wholesale and retail trade; repair of motor vehicles and motorcycles,تجارة الجملة والتجزئة؛ إصلاح المركبات ذات المحركات والدراجات النارية,G,,G4,,G47,"Retail sale of pharmaceutical and medical goods, cosmetic and toilet articles in specialized stores", بيع المنتجات الصيدلانية والطبية ومستحضرات التجميل وأدوات الزينة بالتجزئة في متاجر متخصصة,G4772
Wholesale and retail trade; repair of motor vehicles and motorcycles,تجارة الجملة والتجزئة؛ إصلاح المركبات ذات المحركات والدراجات النارية,G,,G4,,G47,Other retail sale of new goods in specialized stores, بيع البضائع الجديدة الأخرى بالتجزئة في متاجر متخصصة,G4773
Wholesale and retail trade; repair of motor vehicles and motorcycles,تجارة الجملة والتجزئة؛ إصلاح المركبات ذات المحركات والدراجات النارية,G,,G4,,G47,Retail sale of second-hand goods, بيع البضائع المستعملة بالتجزئة,G4774
Wholesale and retail trade; repair of motor vehicles and motorcycles,تجارة الجملة والتجزئة؛ إصلاح المركبات ذات المحركات والدراجات النارية,G,,G4,,G47,"Retail sale via stalls and markets of food, beverages and tobacco products", بيع الأغذية والمشروبات ومنتجات التبغ بالتجزئة في الأكشاك والأسواق,G4781
Wholesale and retail trade; repair of motor vehicles and motorcycles,تجارة الجملة والتجزئة؛ إصلاح المركبات ذات المحركات والدراجات النارية,G,,G4,,G47,"Retail sale via stalls and markets of textiles, clothing and footwear", بيع المنسوجات والملبوسات والأحذية بالتجزئة في الأكشاك والأسواق,G4782
Wholesale and retail trade; repair of motor vehicles and motorcycles,تجارة الجملة والتجزئة؛ إصلاح المركبات ذات المحركات والدراجات النارية,G,,G4,,G47,Retail sale via stalls and markets of other goods, بيع السلع الأخرى بالتجزئة في الأكشاك والأسواق,G4789
Wholesale and retail trade; repair of motor vehicles and motorcycles,تجارة الجملة والتجزئة؛ إصلاح المركبات ذات المحركات والدراجات النارية,G,,G4,,G47,Retail sale via mail order houses or via Internet, البيع بالتجزئة عن طريق بيوت تنفيذ طلبات الشراء أو عن طريق الإنترنت,G4791
Wholesale and retail trade; repair of motor vehicles and motorcycles,تجارة الجملة والتجزئة؛ إصلاح المركبات ذات المحركات والدراجات النارية,G,,G4,,G47,"Other retail sale not in stores, stalls or markets", أنواع البيع بالتجزئة الأخرى خارج المتاجر والأكشاك والأسواق,G4799
Transportation and storage,النقل والتخزين,H,,H4,,H49,"Passenger rail transport, interurban", نقل الركاب بالسكك الحديدية فيما بين المدن,H4911
Transportation and storage,النقل والتخزين,H,,H4,,H49,Freight rail transport, نقل البضائع بالسكك الحديدية,H4912
Transportation and storage,النقل والتخزين,H,,H4,,H49,Urban and suburban passenger land transport, النقل البري للركاب في المدن والضواحي,H4921
Transportation and storage,النقل والتخزين,H,,H4,,H49,Other passenger land transport, أنواع النقل البري الأخرى للركاب,H4922
Transportation and storage,النقل والتخزين,H,,H4,,H49,Freight transport by road, النقل البري للبضائع,H4923
Transportation and storage,النقل والتخزين,H,,H4,,H49,Transport via pipeline, النقل بخطوط الأنابيب,H4930
Transportation and storage,النقل والتخزين,H,,H5,,H50,Sea and coastal passenger water transport, النقل المائي البحري والساحلي للركاب,H5011
Transportation and storage,النقل والتخزين,H,,H5,,H50,Sea and coastal freight water transport, النقل المائي البحري والساحلي للبضائع,H5012
Transportation and storage,النقل والتخزين,H,,H5,,H50,Inland passenger water transport, النقل المائي الداخلي للركاب,H5021
Transportation and storage,النقل والتخزين,H,,H5,,H50,Inland freight water transport, النقل المائي الداخلي للبضائع,H5022
Transportation and storage,النقل والتخزين,H,,H5,,H51,Passenger air transport,  النقل الجوي للركاب,H5110
Transportation and storage,النقل والتخزين,H,,H5,,H51,Freight air transport,  النقل الجوي للبضائع,H5120
Transportation and storage,النقل والتخزين,H,,H5,,H52,Warehousing and storage, التخزين,H5210
Transportation and storage,النقل والتخزين,H,,H5,,H52,Service activities incidental to land transportation, أنشطة الخدمات المتصلة بالنقل البري,H5221
Transportation and storage,النقل والتخزين,H,,H5,,H52,Service activities incidental to water transportation, أنشطة الخدمات المتصلة بالنقل المائي,H5222
Transportation and storage,النقل والتخزين,H,,H5,,H52,Service activities incidental to air transportation, أنشطة الخدمات المتصلة بالنقل الجوي,H5223
Transportation and storage,النقل والتخزين,H,,H5,,H52,Cargo handling, مناولة البضائع,H5224
Transportation and storage,النقل والتخزين,H,,H5,,H52,Other transportation support activities, أنشطة دعم النقل الأخرى,H5229
Transportation and storage,النقل والتخزين,H,,H5,,H53,Postal activities,  أنشطة البريد,H5310
Transportation and storage,النقل والتخزين,H,,H5,,H53,Courier activities, أنشطة شركات نقل البريد الخاصة,H5320
Accommodation and food service activities,أنشطة الإقامة وخدمات الطعام,I,,I5,,I55,Short term accommodation activities, أنشطة الإقامة القصيرة المدى,I5510
Accommodation and food service activities,أنشطة الإقامة وخدمات الطعام,I,,I5,,I55,"Camping grounds, recreational vehicle parks and trailer parks",  أماكن المخيمات والمتنزهات الترفيهية التي تتيح مكاناً للسيارات والمتنزهات التي تتيح مكاناً للمقطورات,I5520
Accommodation and food service activities,أنشطة الإقامة وخدمات الطعام,I,,I5,,I55,Other accommodation,  مرافق الإقامة الأخرى,I5590
Accommodation and food service activities,أنشطة الإقامة وخدمات الطعام,I,,I5,,I56,Restaurants and mobile food service activities,  أنشطة المطاعم وخدمات الأطعمة المتنقلة,I5610
Accommodation and food service activities,أنشطة الإقامة وخدمات الطعام,I,,I5,,I56,Event catering, تقديم وجبات الطعام في المناسبات,I5621
Accommodation and food service activities,أنشطة الإقامة وخدمات الطعام,I,,I5,,I56,Other food service activities, أنشطة خدمات الطعام الأخرى,I5629
Accommodation and food service activities,أنشطة الإقامة وخدمات الطعام,I,,I5,,I56,Beverage serving activities,  أنشطة تقديم المشروبات,I5630
Information and communication,المعلومات والاتصالات,J,,J5,,J58,Book publishing, نشر الكُتب,J5811
Information and communication,المعلومات والاتصالات,J,,J5,,J58,Publishing of directories and mailing lists, نشر الأدلة وقوائم العناوين البريدية,J5812
Information and communication,المعلومات والاتصالات,J,,J5,,J58,"Publishing of newspapers, journals and periodicals", نشر الصُحف والمجلات والدوريات,J5813
Information and communication,المعلومات والاتصالات,J,,J5,,J58,Other publishing activities, أنشطة النشر الأخرى,J5819
Information and communication,المعلومات والاتصالات,J,,J5,,J58,Software publishing,  نشر البرمجيات,J5820
Information and communication,المعلومات والاتصالات,J,,J5,,J59,"Motion picture, video and television programme production activities", أنشطة إنتاج الأفلام والفيديو والبرامج التليفزيونية,J5911
Information and communication,المعلومات والاتصالات,J,,J5,,J59,"Motion picture, video and television programme post-production activities", أنشطة ما بعد الإنتاج لأفلام السينما وأفلام الفيديو والبرامج التليفزيونية,J5912
Information and communication,المعلومات والاتصالات,J,,J5,,J59,"Motion picture, video and television programme distribution activities", أنشطة توزيع الأفلام السينمائية والفيديو والبرامج التليفزيونية,J5913
Information and communication,المعلومات والاتصالات,J,,J5,,J59,Motion picture projection activities, أنشطة عرض الأفلام السينمائية,J5914
Information and communication,المعلومات والاتصالات,J,,J5,,J59,Sound recording and music publishing activities,  أنشطة نشر التسجيلات الصوتية والموسيقى,J5920
Information and communication,المعلومات والاتصالات,J,,J6,,J60,Radio broadcasting,  الإذاعة الصوتية,J6010
Information and communication,المعلومات والاتصالات,J,,J6,,J60,Television programming and broadcasting activities,  أنشطة البرمجة والإذاعة والتليفزيون,J6020
Information and communication,المعلومات والاتصالات,J,,J6,,J61,Wired telecommunications activities, أنشطة الاتصالات السلكية,J6110
Information and communication,المعلومات والاتصالات,J,,J6,,J61,Wireless telecommunications activities, أنشطة الاتصالات اللاسلكية,J6120
Information and communication,المعلومات والاتصالات,J,,J6,,J61,Satellite telecommunications activities, أنشطة الاتصالات الساتلية,J6130
Information and communication,المعلومات والاتصالات,J,,J6,,J61,Other telecommunications activities, أنشطة الاتصالات الأخرى,J6190
Information and communication,المعلومات والاتصالات,J,,J6,,J62,Computer programming activities, أنشطة البرمجة الحاسوبية,J6201
Information and communication,المعلومات والاتصالات,J,,J6,,J62,Computer consultancy and computer facilities management activities, أنشطة الخبرة الاستشارية الحاسوبية وإدارة المرافق الحاسوبية,J6202
Information and communication,المعلومات والاتصالات,J,,J6,,J62,Other information technology and computer service activities, أنشطة خدمات تكنولوجيا المعلومات والحاسوب الأخرى,J6209
Information and communication,المعلومات والاتصالات,J,,J6,,J63,"Data processing, hosting and related activities", تجهيز البيانات واستضافة المواقع على الشبكة وما يتصل بذلك من أنشطة,J6311
Information and communication,المعلومات والاتصالات,J,,J6,,J63,Web portals, بوابات الشبكة,J6312
Information and communication,المعلومات والاتصالات,J,,J6,,J63,News agency activities, أنشطة وكالات الأنباء,J6391
Information and communication,المعلومات والاتصالات,J,,J6,,J63,Other information service activities n.e.c., أنشطة خدمات المعلومات الأخرى غير المصنّفة في موضع آخر,J6399
Financial and insurance activities,الأنشطة المالية وأنشطة التأمين,K,,K6,,K64,Central banking, المصارف المركزية,K6411
Financial and insurance activities,الأنشطة المالية وأنشطة التأمين,K,,K6,,K64,Other monetary intermediation, أنواع الوساطة المالية الأخرى,K6419
Financial and insurance activities,الأنشطة المالية وأنشطة التأمين,K,,K6,,K64,Activities of holding companies,  أنشطة الشركات القابضة,K6420
Financial and insurance activities,الأنشطة المالية وأنشطة التأمين,K,,K6,,K64,"Trusts, funds and similar financial entities",  الاتحادات الاحتكارية وصناديق الأموال والكيانات المالية المشابهة,K6430
Financial and insurance activities,الأنشطة المالية وأنشطة التأمين,K,,K6,,K64,Financial leasing, التأجير المالي,K6491
Financial and insurance activities,الأنشطة المالية وأنشطة التأمين,K,,K6,,K64,Other credit granting, أشكال منح القروض الأخرى,K6492
Financial and insurance activities,الأنشطة المالية وأنشطة التأمين,K,,K6,,K64,"Other financial service activities, except insurance and pension funding activities, n.e.c.", أنشطة الخدمات المالية الأخرى باستثناء التأمين وتمويل المعاشات التقاعدية، غير المصنّفة في موضع آخر,K6499
Financial and insurance activities,الأنشطة المالية وأنشطة التأمين,K,,K6,,K65,Life insurance, التأمين على الحياة,K6511
Financial and insurance activities,الأنشطة المالية وأنشطة التأمين,K,,K6,,K65,Non-life insurance, التأمين، بخلاف التأمين على الحياة,K6512
Financial and insurance activities,الأنشطة المالية وأنشطة التأمين,K,,K6,,K65,Reinsurance,  إعادة التأمين,K6520
Financial and insurance activities,الأنشطة المالية وأنشطة التأمين,K,,K6,,K65,Pension funding,  تمويل المعاشات التقاعدية,K6530
Financial and insurance activities,الأنشطة المالية وأنشطة التأمين,K,,K6,,K66,Administration of financial markets, إدارة الأسواق المالية,K6611
Financial and insurance activities,الأنشطة المالية وأنشطة التأمين,K,,K6,,K66,Security and commodity contracts brokerage, أنشطة الوساطة المتعلقة بعقود الأوراق المالية والسلع الأساسية,K6612
Financial and insurance activities,الأنشطة المالية وأنشطة التأمين,K,,K6,,K66,Other activities auxiliary to financial service activities, الأنشطة الأخرى المساعدة لأنشطة الخدمات المالية,K6619
Financial and insurance activities,الأنشطة المالية وأنشطة التأمين,K,,K6,,K66,Risk and damage evaluation, تقييم المخاطر والأضرار,K6621
Financial and insurance activities,الأنشطة المالية وأنشطة التأمين,K,,K6,,K66,Activities of insurance agents and brokers, أنشطة وكلاء وسماسرة التأمين,K6622
Financial and insurance activities,الأنشطة المالية وأنشطة التأمين,K,,K6,,K66,Other activities auxiliary to insurance and pension funding, أنشطة أخرى مساعدة للتأمين وتمويل المعاشات التقاعدية,K6629
Financial and insurance activities,الأنشطة المالية وأنشطة التأمين,K,,K6,,K66,Fund management activities, أنشطة إدارة الأموال,K6630
Real estate activities,الأنشطة العقارية,L,,L6,,L68,Real estate activities with own or leased property,  الأنشطة العقارية في الممتلكات المملوكة أو المؤجّرة,L6810
Real estate activities,الأنشطة العقارية,L,,L6,,L68,Real estate activities on a fee or contract basis,  الأنشطة العقارية على أساس رسوم أو عقود,L6820
"Professional, scientific and technical activities",الأنشطة المهنية والعلمية والتقنية,M,,M6,,M69,Legal activities, الأنشطة القانونية,M6910
"Professional, scientific and technical activities",الأنشطة المهنية والعلمية والتقنية,M,,M6,,M69,"Accounting, bookkeeping and auditing activities; tax consultancy", الأنشطة المحاسبية وأنشطة مسك الدفاتر ومراجعة الحسابات، والاستشارات الضريبية,M6920
"Professional, scientific and technical activities",الأنشطة المهنية والعلمية والتقنية,M,,M7,,M70,Activities of head offices,  أنشطة المكاتب الرئيسية,M7010
"Professional, scientific and technical activities",الأنشطة المهنية والعلمية والتقنية,M,,M7,,M70,Management consultancy activities,  أنشطة الخبرة الاستشارية في مجال الإدارة,M7020
"Professional, scientific and technical activities",الأنشطة المهنية والعلمية والتقنية,M,,M7,,M71,Architectural and engineering activities and related technical consultancy,  الأنشطة المعمارية والهندسية والخدمات الاستشارية الفنية المتصلة بها,M7110
"Professional, scientific and technical activities",الأنشطة المهنية والعلمية والتقنية,M,,M7,,M71,Technical testing and analysis,  الاختبارات والتحاليل التقنية,M7120
"Professional, scientific and technical activities",الأنشطة المهنية والعلمية والتقنية,M,,M7,,M72,Research and experimental development on natural sciences and engineering,  البحث والتطوير التجريبي في مجالي العلوم الطبيعية والهندسة,M7210
"Professional, scientific and technical activities",الأنشطة المهنية والعلمية والتقنية,M,,M7,,M72,Research and experimental development on social sciences and humanities,  البحث والتطوير التجريبي في مجال العلوم الاجتماعية والإنسانية,M7220
"Professional, scientific and technical activities",الأنشطة المهنية والعلمية والتقنية,M,,M7,,M73,Advertising,  الإعلان,M7310
"Professional, scientific and technical activities",الأنشطة المهنية والعلمية والتقنية,M,,M7,,M73,Market research and public opinion polling, أبحاث السوق واستطلاعات الرأي,M7320
"Professional, scientific and technical activities",الأنشطة المهنية والعلمية والتقنية,M,,M7,,M74,Specialized design activities,  أنشطة التصميم المتخصصة,M7410
"Professional, scientific and technical activities",الأنشطة المهنية والعلمية والتقنية,M,,M7,,M74,Photographic activities,  أنشطة التصوير,M7420
"Professional, scientific and technical activities",الأنشطة المهنية والعلمية والتقنية,M,,M7,,M74,"Other professional, scientific and technical activities n.e.c.",  الأنشطة المهنية والعلمية والتقنية الأخرى غير المصنّفة في موضع آخر,M7490
"Professional, scientific and technical activities",الأنشطة المهنية والعلمية والتقنية,M,,M7,,M75,Veterinary activities,  الأنشطة البيطرية,M7500
Administrative and support service activities,أنشطة الخدمات الإدارية وخدمات الدعم,N,,N7,,N77,Renting and leasing of motor vehicles,  تأجير المركبات ذات المحرّكات,N7710
Administrative and support service activities,أنشطة الخدمات الإدارية وخدمات الدعم,N,,N7,,N77,Renting and leasing of recreational and sports goods, تأجير السلع الترفيهية والرياضية,N7721
Administrative and support service activities,أنشطة الخدمات الإدارية وخدمات الدعم,N,,N7,,N77,Renting of video tapes and disks, تأجير شرائط وأقراص الفيديو,N7722
Administrative and support service activities,أنشطة الخدمات الإدارية وخدمات الدعم,N,,N7,,N77,Renting and leasing of other personal and household goods, تأجير السلع الشخصية والمنزلية الأخرى,N7729
Administrative and support service activities,أنشطة الخدمات الإدارية وخدمات الدعم,N,,N7,,N77,"Renting and leasing of other machinery, equipment and tangible goods", تأجير الآلات والمعدات الأخرى والسلع الحقيقية,N7730
Administrative and support service activities,أنشطة الخدمات الإدارية وخدمات الدعم,N,,N7,,N77,"Leasing of intellectual property and similar products, except copyrighted works",  تأجير منتجات الملكية الفكرية وما شابهها، فيما عدا الأعمال المحمية بحقوق النشر,N7740
Administrative and support service activities,أنشطة الخدمات الإدارية وخدمات الدعم,N,,N7,,N78,Activities of employment placement agencies, أنشطة وكالات التشغيل,N7810
Administrative and support service activities,أنشطة الخدمات الإدارية وخدمات الدعم,N,,N7,,N78,Temporary employment agency activities,  أنشطة وكالات التشغيل المؤقت,N7820
Administrative and support service activities,أنشطة الخدمات الإدارية وخدمات الدعم,N,,N7,,N78,Other human resources provision, تقديم موارد بشرية أخرى,N7830
Administrative and support service activities,أنشطة الخدمات الإدارية وخدمات الدعم,N,,N7,,N79,Travel agency activities, أنشطة وكالات السفر,N7911
Administrative and support service activities,أنشطة الخدمات الإدارية وخدمات الدعم,N,,N7,,N79,Tour operator activities, أنشطة مشغلي الجولات السياحية,N7912
Administrative and support service activities,أنشطة الخدمات الإدارية وخدمات الدعم,N,,N7,,N79,Other reservation service and related activities,  خدمات الحجز الأخرى والأنشطة المتصلة بها,N7990
Administrative and support service activities,أنشطة الخدمات الإدارية وخدمات الدعم,N,,N8,,N80,Private security activities, أنشطة الأمن الخاصة,N8010
Administrative and support service activities,أنشطة الخدمات الإدارية وخدمات الدعم,N,,N8,,N80,Security systems service activities,  أنشطة خدمات نُظم الأمن,N8020
Administrative and support service activities,أنشطة الخدمات الإدارية وخدمات الدعم,N,,N8,,N80,Investigation activities, أنشطة التحقيقات,N8030
Administrative and support service activities,أنشطة الخدمات الإدارية وخدمات الدعم,N,,N8,,N81,Combined facilities support activities, أنشطة متكاملة لدعم المرافق,N8110
Administrative and support service activities,أنشطة الخدمات الإدارية وخدمات الدعم,N,,N8,,N81,General cleaning of buildings, التنظيف العام للمباني,N8121
Administrative and support service activities,أنشطة الخدمات الإدارية وخدمات الدعم,N,,N8,,N81,Other building and industrial cleaning activities, أنشطة تنظيف المباني والتنظيف الصناعي الأخرى,N8129
Administrative and support service activities,أنشطة الخدمات الإدارية وخدمات الدعم,N,,N8,,N81,Landscape care and maintenance service activities,  الأنشطة المتعلقة بخدمة وصيانة تجميل المواقع,N8130
Administrative and support service activities,أنشطة الخدمات الإدارية وخدمات الدعم,N,,N8,,N82,Combined office administrative service activities, أنشطة الخدمات الإدارية المتكاملة للمكاتب,N8211
Administrative and support service activities,أنشطة الخدمات الإدارية وخدمات الدعم,N,,N8,,N82,"Photocopying, document preparation and other specialized office support activities", تصوير المستندات وتحضير الوثائق وغيرها من أنشطة الدعم المتخصصة للمكاتب,N8219
Administrative and support service activities,أنشطة الخدمات الإدارية وخدمات الدعم,N,,N8,,N82,Activities of call centres, أنشطة مراكز النداء,N8220
Administrative and support service activities,أنشطة الخدمات الإدارية وخدمات الدعم,N,,N8,,N82,Organization of conventions and trade shows,  تنظيم المؤتمرات والمعارض التجارية,N8230
Administrative and support service activities,أنشطة الخدمات الإدارية وخدمات الدعم,N,,N8,,N82,Activities of collection agencies and credit bureaus, أنشطة وكالات تحصيل المدفوعات ومكاتب الائتمان,N8291
Administrative and support service activities,أنشطة الخدمات الإدارية وخدمات الدعم,N,,N8,,N82,Packaging activities, أنشطة التغليف والتعبئة,N8292
Administrative and support service activities,أنشطة الخدمات الإدارية وخدمات الدعم,N,,N8,,N82,Other business support service activities n.e.c., أنشطة خدمات الدعم الأخرى للأعمال غير المصنّفة في موضع آخر,N8299
Public administration and defence; compulsory social security,الإدارة العامة والدفاع؛ الضمان الاجتماعي الإلزامي,O,,O8,,O84,General public administration activities, الأنشطة العامة للإدارة العامة,O8411
Public administration and defence; compulsory social security,الإدارة العامة والدفاع؛ الضمان الاجتماعي الإلزامي,O,,O8,,O84,"Regulation of the activities of providing health care, education, cultural services and other social services, excluding social security", تنظيم أنشطة تقديم الرعاية الصحية والتعليم والخدمات الثقافية وغيرها من الخدمات الاجتماعية، فيما عدا الضمان الاجتماعي,O8412
Public administration and defence; compulsory social security,الإدارة العامة والدفاع؛ الضمان الاجتماعي الإلزامي,O,,O8,,O84,Regulation of and contribution to more efficient operation of businesses, تنظيم أنشطة قطاع الأعمال والمساهمة في تحسين عملياته,O8413
Public administration and defence; compulsory social security,الإدارة العامة والدفاع؛ الضمان الاجتماعي الإلزامي,O,,O8,,O84,Foreign affairs, الشؤون الخارجية,O8421
Public administration and defence; compulsory social security,الإدارة العامة والدفاع؛ الضمان الاجتماعي الإلزامي,O,,O8,,O84,Defence activities, أنشطة الدفاع,O8422
Public administration and defence; compulsory social security,الإدارة العامة والدفاع؛ الضمان الاجتماعي الإلزامي,O,,O8,,O84,Public order and safety activities, أنشطة النظام العام والسلامة,O8423
Public administration and defence; compulsory social security,الإدارة العامة والدفاع؛ الضمان الاجتماعي الإلزامي,O,,O8,,O84,Compulsory social security activities,  أنشطة الضمان الاجتماعي الإلزامي,O8430
Education,التعليم,P,,P8,,P85,Pre-primary and primary education,  التعليم قبل الابتدائي والتعليم الابتدائي,P8510
Education,التعليم,P,,P8,,P85,General secondary education, التعليم الثانوي العام,P8521
Education,التعليم,P,,P8,,P85,Technical and vocational secondary education, التعليم الثانوي الفني والمهني,P8522
Education,التعليم,P,,P8,,P85,Higher education,  التعليم العالي,P8530
Education,التعليم,P,,P8,,P85,Sports and recreation education, التعليم في مجال الرياضة والترفيه,P8541
Education,التعليم,P,,P8,,P85,Cultural education, التعليم الثقافي,P8542
Education,التعليم,P,,P8,,P85,Other education n.e.c., أنواع التعليم الأخرى غير المصنّفة في موضع آخر,P8549
Education,التعليم,P,,P8,,P85,Educational support activities,  أنشطة دعم التعليم,P8550
Human health and social work activities,الصحة البشرية والعمل الاجتماعي,Q,,Q8,,Q86,Hospital activities,  أنشطة المستشفيات,Q8610
Human health and social work activities,الصحة البشرية والعمل الاجتماعي,Q,,Q8,,Q86,Medical and dental practice activities, أنشطة العيادات الطبية وعيادات الأسنان,Q8620
Human health and social work activities,الصحة البشرية والعمل الاجتماعي,Q,,Q8,,Q86,Other human health activities,  الأنشطة الأخرى في مجال صحة الإنسان,Q8690
Human health and social work activities,الصحة البشرية والعمل الاجتماعي,Q,,Q8,,Q87,Residential nursing care facilities, مرافق تقديم الرعاية التمريضية مع الإقامة,Q8710
Human health and social work activities,الصحة البشرية والعمل الاجتماعي,Q,,Q8,,Q87,"Residential care activities for mental retardation, mental health and substance abuse", أنشطة الرعاية مع الإقامة للمتخلفين عقلياً والمرضى النفسانيين والمدمنين,Q8720
Human health and social work activities,الصحة البشرية والعمل الاجتماعي,Q,,Q8,,Q87,Residential care activities for the elderly and disabled,  أنشطة تقديم الرعاية مع الإقامة لكبار السن والأشخاص ذوي الإعاقة,Q8730
Human health and social work activities,الصحة البشرية والعمل الاجتماعي,Q,,Q8,,Q87,Other residential care activities,  أنشطة الرعاية الأخرى مع الإقامة,Q8790
Human health and social work activities,الصحة البشرية والعمل الاجتماعي,Q,,Q8,,Q88,Social work activities without accommodation for the elderly and disabled,  أنشطة العمل الاجتماعي دون إقامة، لكبار السن وذوي الإعاقة,Q8810
Human health and social work activities,الصحة البشرية والعمل الاجتماعي,Q,,Q8,,Q88,Other social work activities without accommodation,  أنشطة العمل الاجتماعي الأخرى دون إقامة,Q8890
"Arts, entertainment and recreation",الفنون والترفيه والتسلية,R,,R9,,R90,"Creative, arts and entertainment activities",  الأنشطة الإبداعية والفنون وأنشطة الترفيه,R9000
"Arts, entertainment and recreation",الفنون والترفيه والتسلية,R,,R9,,R91,Library and archives activities, أنشطة المكتبات والمحفوظات,R9101
"Arts, entertainment and recreation",الفنون والترفيه والتسلية,R,,R9,,R91,Museums activities and operation of historical sites and buildings, أنشطة المتاحف وتشغيل المواقع والمباني التاريخية,R9102
"Arts, entertainment and recreation",الفنون والترفيه والتسلية,R,,R9,,R91,Botanical and zoological gardens and nature reserves activities, أنشطة حدائق النباتات وحدائق الحيوان والمحميات الطبيعية,R9103
"Arts, entertainment and recreation",الفنون والترفيه والتسلية,R,,R9,,R92,Gambling and betting activities,  أنشطة ألعاب القمار والمراهنة,R9200
"Arts, entertainment and recreation",الفنون والترفيه والتسلية,R,,R9,,R93,Operation of sports facilities, تشغيل المرافق الرياضية,R9311
"Arts, entertainment and recreation",الفنون والترفيه والتسلية,R,,R9,,R93,Activities of sports clubs, أنشطة النوادي الرياضية,R9312
"Arts, entertainment and recreation",الفنون والترفيه والتسلية,R,,R9,,R93,Other sports activities, الأنشطة الرياضية الأخرى,R9319
"Arts, entertainment and recreation",الفنون والترفيه والتسلية,R,,R9,,R93,Activities of amusement parks and theme parks, أنشطة مُدن التسلية ومُدن الألعاب,R9321
"Arts, entertainment and recreation",الفنون والترفيه والتسلية,R,,R9,,R93,Other amusement and recreation activities n.e.c., أنشطة التسلية والترفيه الأخرى غير المصنّفة في موضع آخر,R9329
Other service activities,أنشطة الخدمات الأخرى,S,,S9,,S94,Activities of business and employers membership organizations, أنشطة المنظمات ذات العضوية لرجال الأعمال وأصحاب العمل,S9411
Other service activities,أنشطة الخدمات الأخرى,S,,S9,,S94,Activities of professional membership organizations, أنشطة المنظمات المهنية ذات العضوية,S9412
Other service activities,أنشطة الخدمات الأخرى,S,,S9,,S94,Activities of trade unions,  أنشطة نقابات العمال,S9420
Other service activities,أنشطة الخدمات الأخرى,S,,S9,,S94,Activities of religious organizations, أنشطة المنظمات الدينية,S9491
Other service activities,أنشطة الخدمات الأخرى,S,,S9,,S94,Activities of political organizations, أنشطة المنظمات السياسية,S9492
Other service activities,أنشطة الخدمات الأخرى,S,,S9,,S94,Activities of other membership organizations n.e.c., أنشطة المنظمات الأخرى ذات العضوية غير المصنَّفة في موضع آخر,S9499
Other service activities,أنشطة الخدمات الأخرى,S,,S9,,S95,Repair of computers and peripheral equipment, إصلاح أجهزة الحاسوب والمعدات الطرفية للحاسوب,S9511
Other service activities,أنشطة الخدمات الأخرى,S,,S9,,S95,Repair of communication equipment, إصلاح معدات الاتصالات,S9512
Other service activities,أنشطة الخدمات الأخرى,S,,S9,,S95,Repair of consumer electronics, إصلاح الأجهزة الإلكترونية الاستهلاكية,S9521
Other service activities,أنشطة الخدمات الأخرى,S,,S9,,S95,Repair of household appliances and home and garden equipment, إصلاح الأجهزة المنزلية والمعدات المنزلية ومعدات الحدائق,S9522
Other service activities,أنشطة الخدمات الأخرى,S,,S9,,S95,Repair of footwear and leather goods, إصلاح الأحذية والمنتجات الجلدية,S9523
Other service activities,أنشطة الخدمات الأخرى,S,,S9,,S95,Repair of furniture and home furnishings, إصلاح الأثاث والمفروشات المنزلية,S9524
Other service activities,أنشطة الخدمات الأخرى,S,,S9,,S95,Repair of other personal and household goods, إصلاح السلع الشخصية والمنزلية الأخرى,S9529
Other service activities,أنشطة الخدمات الأخرى,S,,S9,,S96,Washing and (dry-) cleaning of textile and fur products, غسيل المنسوجات ومنتجات الفراء وتنظيفها )الجاف(,S9601
Other service activities,أنشطة الخدمات الأخرى,S,,S9,,S96,Hairdressing and other beauty treatment, تصفيف الشعر وأنواع التجميل الأخرى,S9602
Other service activities,أنشطة الخدمات الأخرى,S,,S9,,S96,Funeral and related activities, أنشطة الجنازات وما يتصل بها من أنشطة,S9603
Other service activities,أنشطة الخدمات الأخرى,S,,S9,,S96,Other personal service activities n.e.c., أنشطة الخدمات الشخصية الأخرى غير المصنّفة في موضع آخر,S9609
Activities of households as employers; undifferentiated goods- and services-producing activities of households for own use,أنشطة الأسر المعيشية كأصحاب عمل؛ أنشطة إنتاج السلع والخدمات للاستخدام الخاص,T,,T9,,T97,Activities of households as employers of domestic personnel, أنشطة الأُسَر المعيشية التي تستخدم أفراداً للعمل المنزلي,T9700
Activities of households as employers; undifferentiated goods- and services-producing activities of households for own use,أنشطة الأسر المعيشية كأصحاب عمل؛ أنشطة إنتاج السلع والخدمات للاستخدام الخاص,T,,T9,,T98,Undifferentiated goods-producing activities of private households for own use, الأنشطة غير المميَّزة لإنتاج السلع التي تقوم بها الأُسَر المعيشية لاستعمالها الخاص,T9810
Activities of households as employers; undifferentiated goods- and services-producing activities of households for own use,أنشطة الأسر المعيشية كأصحاب عمل؛ أنشطة إنتاج السلع والخدمات للاستخدام الخاص,T,,T9,,T98,Undifferentiated service-producing activities of private households for own use, الأنشطة غير المميَّزة لإنتاج الخدمات التي تقوم بها الأُسَر المعيشية لاستعمالها الخاص,T9820
Activities of extraterritorial organizations and bodies,أنشطة المنظمات والهيئات خارج الإقليم,U,,U9,,U99,Activities of extraterritorial organizations and bodies, أنشطة المنظمات والهيئات غير الخاضعة للولاية القضائية الوطنية,U9900
